log,category
[4287]  [INFO] Thread-5 executing task urllib.error.URLError: <urlopen error [Errno 111] Connection refused> - Execution ID 41015,Network Failure
"[4352]  Randomised test failed, check seed 12345 - Execution ID 99319",Flaky Test
"[3248]  [INFO] Thread-10 executing task EACCES: permission denied, open '/var/log/app.log' - Execution ID 65593",Permission Error
[8342]  [INFO] Thread-5 executing task Error response from daemon: container cannot be started - Execution ID 43172,Container Crash
[6550]  [INFO] Thread-5 executing task Configuration Error: Invalid JSON in config.yaml - Execution ID 74447,Environment Issue
[3539]  User does not have permission to execute this action - Execution ID 45881,Permission Error
[2210]  [INFO] Thread-7 executing task pip: No matching distribution found for numpy==99.9.9 - Execution ID 45700,Dependency Error
[8794]  [INFO] Thread-6 executing task docker run failed: container crashed unexpectedly - Execution ID 16322,Container Crash
[5653]  [INFO] Thread-7 executing task make: *** [all] Error 2 - Execution ID 31266,Build Failure
[7303]  [INFO] Thread-5 executing task FileNotFoundError: [Errno 2] No such file or directory: '/etc/config.json' - Execution ID 63109,Environment Issue
[3852]  Exception: AWS_REGION is not set - Execution ID 72648,Environment Issue
[3354]  [INFO] Thread-8 executing task FileNotFoundError: [Errno 2] No such file or directory: '/etc/config.json' - Execution ID 90299,Environment Issue
[4381]  socket hang up - Execution ID 64644,Network Failure
[3868]  [INFO] Thread-8 executing task Error: expect(received).toBe(expected) - Execution ID 61520,Test Failure
[9764]  Exception: AWS_REGION is not set - Execution ID 50282,Environment Issue
[2168]  [INFO] Thread-6 executing task OOMKilled: Container exited with code 137 - Execution ID 76572,Container Crash
[3584]  [INFO] Thread-5 executing task error: ISO C++ forbids comparison between pointer and integer - Execution ID 59698,Build Failure
[2978]  Error response from daemon: container cannot be started - Execution ID 59453,Container Crash
"[6987]  Error: Timeout of 5000ms exceeded. For async tests and hooks, ensure ""done()"" is called - Execution ID 44883",Timeout Failure
[7944]  [INFO] Thread-6 executing task AssertionError: expected False to be True - Execution ID 65008,Test Failure
[3502]  [INFO] Thread-8 executing task pip: No matching distribution found for numpy==99.9.9 - Execution ID 63931,Dependency Error
[6923]  [INFO] Thread-9 executing task chmod: changing permissions of 'script.sh': Operation not permitted - Execution ID 93241,Permission Error
[6118]  Cannot read property 'url' of undefined from process.env - Execution ID 26903,Environment Issue
[4734]  [INFO] Thread-8 executing task Job terminated: Exceeded maximum allowed runtime - Execution ID 53142,Timeout Failure
[2969]  [INFO] Thread-3 executing task ECONNREFUSED: Connection refused by 127.0.0.1:5432 - Execution ID 23898,Network Failure
[5693]  [INFO] Thread-7 executing task error: expected ';' before '}' token - Execution ID 23494,Build Failure
[4751]  [INFO] Thread-9 executing task error: expected ';' before '}' token - Execution ID 90653,Build Failure
[9073]  Request timeout while fetching https://api.github.com - Execution ID 78544,Timeout Failure
[6370]  ModuleNotFoundError: No module named 'src.utils' - Execution ID 99809,Build Failure
[3729]  [INFO] Thread-9 executing task AssertionError: expected False to be True - Execution ID 71124,Test Failure
[8664]  [INFO] Thread-10 executing task Network is unreachable - Execution ID 23412,Network Failure
[9443]  [INFO] Thread-4 executing task OOMKilled: Container exited with code 137 - Execution ID 59653,Container Crash
[7638]  Network is unreachable - Execution ID 89843,Network Failure
[7845]  TS2322: Type 'string' is not assignable to type 'number'. - Execution ID 92798,Build Failure
[6625]  [INFO] Thread-7 executing task Gateway Timeout: 504 - Execution ID 87000,Timeout Failure
[1560]  [INFO] Thread-1 executing task make: *** [all] Error 2 - Execution ID 95793,Build Failure
[6629]  [INFO] Thread-6 executing task Expected value to equal: 5 Received: 4 - Execution ID 92237,Test Failure
[1331]  Configuration Error: Invalid JSON in config.yaml - Execution ID 56748,Environment Issue
[3293]  socket hang up - Execution ID 41745,Network Failure
"[1589]  EACCES: permission denied, open '/var/log/app.log' - Execution ID 26488",Permission Error
[9985]  Configuration Error: Invalid JSON in config.yaml - Execution ID 27167,Environment Issue
[6809]  Failed to load resource: net::ERR_NAME_NOT_RESOLVED - Execution ID 38987,Dependency Error
[7026]  [INFO] Thread-2 executing task ModuleNotFoundError: No module named 'src.utils' - Execution ID 83488,Build Failure
[2066]  [INFO] Thread-6 executing task error: expected ';' before '}' token - Execution ID 99206,Build Failure
[1655]  [INFO] Thread-8 executing task Configuration Error: Invalid JSON in config.yaml - Execution ID 64989,Environment Issue
[1192]  Gateway Timeout: 504 - Execution ID 87278,Timeout Failure
[3601]  [INFO] Thread-4 executing task error: ISO C++ forbids comparison between pointer and integer - Execution ID 48973,Build Failure
[4484]  Test passed on retry 2 - Execution ID 81492,Flaky Test
[3990]  [INFO] Thread-9 executing task make: *** [all] Error 2 - Execution ID 92684,Build Failure
[4832]  [INFO] Thread-6 executing task OOMKilled: Container exited with code 137 - Execution ID 82283,Container Crash
[5052]  Failed to connect to repository: Could not resolve host - Execution ID 26390,Network Failure
[8278]  [INFO] Thread-4 executing task Failed to connect to repository: Could not resolve host - Execution ID 77974,Network Failure
[7590]  npm ERR! code ERESOLVE - Execution ID 39011,Dependency Error
[3821]  Gateway Timeout: 504 - Execution ID 29199,Timeout Failure
[3664]  Failed to connect to repository: Could not resolve host - Execution ID 64842,Network Failure
[4274]  [INFO] Thread-10 executing task User does not have permission to execute this action - Execution ID 89841,Permission Error
[8943]  Error response from daemon: container cannot be started - Execution ID 56801,Container Crash
[3301]  [INFO] Thread-1 executing task Expected value to equal: 5 Received: 4 - Execution ID 10274,Test Failure
[7067]  Gateway Timeout: 504 - Execution ID 99909,Timeout Failure
[2348]  OOMKilled: Container exited with code 137 - Execution ID 64874,Container Crash
[1174]  Network is unreachable - Execution ID 71147,Network Failure
[9742]  WARN: Test execution time varied by more than 50% - Execution ID 89966,Flaky Test
[6778]  WARN: Test execution time varied by more than 50% - Execution ID 91011,Flaky Test
[3572]  Segmentation fault (core dumped) - Execution ID 52238,Container Crash
[3754]  FileNotFoundError: [Errno 2] No such file or directory: '/etc/config.json' - Execution ID 32474,Environment Issue
[3085]  [INFO] Thread-9 executing task error: ISO C++ forbids comparison between pointer and integer - Execution ID 71977,Build Failure
[3919]  [INFO] Thread-6 executing task Request timeout while fetching https://api.github.com - Execution ID 27346,Timeout Failure
[6906]  Failed to load resource: net::ERR_NAME_NOT_RESOLVED - Execution ID 99707,Dependency Error
[7553]  [INFO] Thread-10 executing task User does not have permission to execute this action - Execution ID 25619,Permission Error
[1332]  Test passed on retry 2 - Execution ID 26878,Flaky Test
[5214]  [INFO] Thread-3 executing task error: ISO C++ forbids comparison between pointer and integer - Execution ID 71042,Build Failure
[5677]  error: expected ';' before '}' token - Execution ID 63872,Build Failure
[6727]  [INFO] Thread-5 executing task socket hang up - Execution ID 31774,Network Failure
[7623]  Segmentation fault (core dumped) - Execution ID 20648,Container Crash
[4226]  urllib.error.URLError: <urlopen error [Errno 111] Connection refused> - Execution ID 43398,Network Failure
[4683]  WARN: Test execution time varied by more than 50% - Execution ID 55594,Flaky Test
[2829]  chmod: changing permissions of 'script.sh': Operation not permitted - Execution ID 99507,Permission Error
[8247]  Configuration Error: Invalid JSON in config.yaml - Execution ID 59686,Environment Issue
[3139]  [INFO] Thread-8 executing task make: *** [all] Error 2 - Execution ID 22860,Build Failure
[1428]  [INFO] Thread-2 executing task npm ERR! code ERESOLVE - Execution ID 83171,Dependency Error
[3804]  [INFO] Thread-3 executing task Could not resolve dependencies for project - Execution ID 45314,Dependency Error
[8343]  urllib.error.URLError: <urlopen error [Errno 111] Connection refused> - Execution ID 91047,Network Failure
[1739]  socket hang up - Execution ID 51849,Network Failure
[4283]  socket hang up - Execution ID 65794,Network Failure
[5266]  [INFO] Thread-7 executing task Error: expect(received).toBe(expected) - Execution ID 67898,Test Failure
[3084]  panic: runtime error: invalid memory address or nil pointer dereference - Execution ID 58233,Container Crash
[8595]  [INFO] Thread-6 executing task Gateway Timeout: 504 - Execution ID 27949,Timeout Failure
[6239]  pip: No matching distribution found for numpy==99.9.9 - Execution ID 20730,Dependency Error
[1508]  panic: runtime error: invalid memory address or nil pointer dereference - Execution ID 88418,Container Crash
[1425]  [INFO] Thread-9 executing task Segmentation fault (core dumped) - Execution ID 85554,Container Crash
[7044]  AccessDeniedException: User is not authorized to perform: iam:PassRole - Execution ID 57533,Permission Error
[9183]  [INFO] Thread-7 executing task Error: expect(received).toBe(expected) - Execution ID 17946,Test Failure
"[7487]  Randomised test failed, check seed 12345 - Execution ID 82654",Flaky Test
[6651]  [INFO] Thread-2 executing task FAIL src/components/App.test.tsx - Execution ID 36812,Test Failure
[5256]  [INFO] Thread-6 executing task ECONNREFUSED: Connection refused by 127.0.0.1:5432 - Execution ID 25126,Network Failure
[1629]  chmod: changing permissions of 'script.sh': Operation not permitted - Execution ID 12239,Permission Error
"[9581]  Randomised test failed, check seed 12345 - Execution ID 91076",Flaky Test
[8840]  AssertionError: expected False to be True - Execution ID 67936,Test Failure
[5233]  Network is unreachable - Execution ID 87545,Network Failure
[3948]  [INFO] Thread-3 executing task Failed to connect to repository: Could not resolve host - Execution ID 23977,Network Failure
[4809]  WARN: Test execution time varied by more than 50% - Execution ID 31826,Flaky Test
[9364]  [INFO] Thread-5 executing task WARN: Test execution time varied by more than 50% - Execution ID 53474,Flaky Test
"[9548]  Error: Timeout of 5000ms exceeded. For async tests and hooks, ensure ""done()"" is called - Execution ID 39799",Timeout Failure
[8243]  Test passed on retry 2 - Execution ID 35714,Flaky Test
[7715]  [INFO] Thread-5 executing task Job terminated: Exceeded maximum allowed runtime - Execution ID 53760,Timeout Failure
[2899]  [INFO] Thread-8 executing task AssertionError: timestamp mismatch (flaky) - Execution ID 27074,Flaky Test
[7778]  ModuleNotFoundError: No module named 'src.utils' - Execution ID 15768,Build Failure
[7857]  [INFO] Thread-1 executing task Error: Missing environment variable DB_PASSWORD - Execution ID 90633,Environment Issue
[3103]  Cannot read property 'url' of undefined from process.env - Execution ID 87882,Environment Issue
[5265]  Gateway Timeout: 504 - Execution ID 71844,Timeout Failure
[9223]  Intermittent failure in test_network_connection - Execution ID 31819,Flaky Test
[8492]  Could not resolve dependencies for project - Execution ID 23068,Dependency Error
[6420]  [INFO] Thread-3 executing task WARN: Test execution time varied by more than 50% - Execution ID 90329,Flaky Test
[1688]  [INFO] Thread-1 executing task User does not have permission to execute this action - Execution ID 59039,Permission Error
[6666]  [INFO] Thread-8 executing task ModuleNotFoundError: No module named 'src.utils' - Execution ID 56860,Build Failure
[2766]  [INFO] Thread-3 executing task FileNotFoundError: [Errno 2] No such file or directory: '/etc/config.json' - Execution ID 80492,Environment Issue
[8545]  Intermittent failure in test_network_connection - Execution ID 38734,Flaky Test
[7799]  [INFO] Thread-7 executing task Cannot read property 'url' of undefined from process.env - Execution ID 95370,Environment Issue
[1659]  [INFO] Thread-9 executing task Intermittent failure in test_network_connection - Execution ID 18670,Flaky Test
[7255]  Missing dependency: left-pad is not installed - Execution ID 36291,Dependency Error
[3961]  [INFO] Thread-5 executing task Intermittent failure in test_network_connection - Execution ID 53526,Flaky Test
[7612]  ECONNREFUSED: Connection refused by 127.0.0.1:5432 - Execution ID 72590,Network Failure
[5337]  [INFO] Thread-4 executing task chmod: changing permissions of 'script.sh': Operation not permitted - Execution ID 44658,Permission Error
[6371]  WARN: Test execution time varied by more than 50% - Execution ID 68755,Flaky Test
[1932]  [INFO] Thread-7 executing task Expected value to equal: 5 Received: 4 - Execution ID 85980,Test Failure
"[9789]  [INFO] Thread-9 executing task Error: Timeout of 5000ms exceeded. For async tests and hooks, ensure ""done()"" is called - Execution ID 12039",Timeout Failure
[6623]  [INFO] Thread-3 executing task Connection timed out after 30000 milliseconds - Execution ID 18683,Timeout Failure
"[9143]  Randomised test failed, check seed 12345 - Execution ID 74388",Flaky Test
[4072]  Expected value to equal: 5 Received: 4 - Execution ID 86105,Test Failure
[5450]  Segmentation fault (core dumped) - Execution ID 17596,Container Crash
[5674]  [INFO] Thread-10 executing task Gateway Timeout: 504 - Execution ID 99460,Timeout Failure
[8701]  [INFO] Thread-9 executing task docker run failed: container crashed unexpectedly - Execution ID 64573,Container Crash
[4182]  Could not resolve dependencies for project - Execution ID 24231,Dependency Error
[3895]  error: expected ';' before '}' token - Execution ID 98642,Build Failure
[5527]  panic: runtime error: invalid memory address or nil pointer dereference - Execution ID 79613,Container Crash
[3830]  [INFO] Thread-4 executing task Cannot read property 'url' of undefined from process.env - Execution ID 74826,Environment Issue
[9851]  [INFO] Thread-5 executing task ECONNREFUSED: Connection refused by 127.0.0.1:5432 - Execution ID 46512,Network Failure
[5591]  Error: expect(received).toBe(expected) - Execution ID 10116,Test Failure
[2945]  [INFO] Thread-2 executing task Failed to load resource: net::ERR_NAME_NOT_RESOLVED - Execution ID 51067,Dependency Error
[6395]  [INFO] Thread-10 executing task Expected value to equal: 5 Received: 4 - Execution ID 15738,Test Failure
[1374]  [INFO] Thread-2 executing task Missing dependency: left-pad is not installed - Execution ID 87707,Dependency Error
[5313]  SyntaxError: Unexpected token - Execution ID 26432,Build Failure
[3655]  [INFO] Thread-9 executing task Cannot read property 'url' of undefined from process.env - Execution ID 13973,Environment Issue
[8487]  AccessDeniedException: User is not authorized to perform: iam:PassRole - Execution ID 78347,Permission Error
[4864]  [INFO] Thread-10 executing task Failed to load resource: net::ERR_NAME_NOT_RESOLVED - Execution ID 85699,Dependency Error
[7021]  [INFO] Thread-5 executing task Segmentation fault (core dumped) - Execution ID 29829,Container Crash
[8697]  Configuration Error: Invalid JSON in config.yaml - Execution ID 45411,Environment Issue
[4375]  FileNotFoundError: [Errno 2] No such file or directory: '/etc/config.json' - Execution ID 78573,Environment Issue
[9803]  [INFO] Thread-2 executing task ECONNREFUSED: Connection refused by 127.0.0.1:5432 - Execution ID 48070,Network Failure
[5566]  [INFO] Thread-1 executing task OOMKilled: Container exited with code 137 - Execution ID 19842,Container Crash
[4037]  [INFO] Thread-2 executing task make: *** [all] Error 2 - Execution ID 78345,Build Failure
[5603]  Error response from daemon: container cannot be started - Execution ID 90757,Container Crash
[9014]  [INFO] Thread-5 executing task Exception: AWS_REGION is not set - Execution ID 51142,Environment Issue
[8792]  [INFO] Thread-7 executing task FileNotFoundError: [Errno 2] No such file or directory: '/etc/config.json' - Execution ID 11235,Environment Issue
[9692]  [INFO] Thread-2 executing task FAIL src/components/App.test.tsx - Execution ID 39581,Test Failure
[4914]  [INFO] Thread-8 executing task Exception: AWS_REGION is not set - Execution ID 14793,Environment Issue
[5962]  [INFO] Thread-1 executing task error: expected ';' before '}' token - Execution ID 18940,Build Failure
[5889]  Expected value to equal: 5 Received: 4 - Execution ID 80125,Test Failure
[4689]  [INFO] Thread-2 executing task FileNotFoundError: [Errno 2] No such file or directory: '/etc/config.json' - Execution ID 46643,Environment Issue
[2909]  [INFO] Thread-7 executing task chmod: changing permissions of 'script.sh': Operation not permitted - Execution ID 85050,Permission Error
[3670]  [INFO] Thread-4 executing task OOMKilled: Container exited with code 137 - Execution ID 21139,Container Crash
[6280]  socket hang up - Execution ID 73193,Network Failure
[3812]  [INFO] Thread-4 executing task npm ERR! peerDependencies WARNING - Execution ID 76851,Dependency Error
[1412]  [INFO] Thread-4 executing task ECONNREFUSED: Connection refused by 127.0.0.1:5432 - Execution ID 87072,Network Failure
[1573]  [INFO] Thread-1 executing task OOMKilled: Container exited with code 137 - Execution ID 76622,Container Crash
[4947]  Missing dependency: left-pad is not installed - Execution ID 65950,Dependency Error
[2006]  panic: runtime error: invalid memory address or nil pointer dereference - Execution ID 58485,Container Crash
[1725]  ModuleNotFoundError: No module named 'src.utils' - Execution ID 59121,Build Failure
[3142]  Expected value to equal: 5 Received: 4 - Execution ID 65621,Test Failure
[7727]  Job terminated: Exceeded maximum allowed runtime - Execution ID 15516,Timeout Failure
[3220]  Configuration Error: Invalid JSON in config.yaml - Execution ID 12057,Environment Issue
[9248]  [INFO] Thread-8 executing task Error: Missing environment variable DB_PASSWORD - Execution ID 95650,Environment Issue
[6340]  [INFO] Thread-2 executing task User does not have permission to execute this action - Execution ID 92568,Permission Error
[1607]  SyntaxError: Unexpected token - Execution ID 59281,Build Failure
[6770]  chmod: changing permissions of 'script.sh': Operation not permitted - Execution ID 17687,Permission Error
[2802]  [INFO] Thread-6 executing task Cannot read property 'url' of undefined from process.env - Execution ID 10913,Environment Issue
[5650]  Connection timed out after 30000 milliseconds - Execution ID 21792,Timeout Failure
[3263]  403 Forbidden: Access denied - Execution ID 67194,Permission Error
[9266]  [INFO] Thread-2 executing task docker run failed: container crashed unexpectedly - Execution ID 69643,Container Crash
[1297]  [INFO] Thread-5 executing task panic: runtime error: invalid memory address or nil pointer dereference - Execution ID 23644,Container Crash
[1757]  [INFO] Thread-8 executing task panic: runtime error: invalid memory address or nil pointer dereference - Execution ID 68231,Container Crash
[5778]  [INFO] Thread-2 executing task chmod: changing permissions of 'script.sh': Operation not permitted - Execution ID 29273,Permission Error
[4420]  [INFO] Thread-3 executing task test_user_auth_failed: user is not authenticated - Execution ID 30746,Test Failure
[5702]  SyntaxError: Unexpected token - Execution ID 30235,Build Failure
[4480]  [INFO] Thread-2 executing task Gateway Timeout: 504 - Execution ID 74366,Timeout Failure
[2551]  Error response from daemon: container cannot be started - Execution ID 50588,Container Crash
[9503]  [INFO] Thread-1 executing task Intermittent failure in test_network_connection - Execution ID 94369,Flaky Test
[5179]  [INFO] Thread-7 executing task ECONNREFUSED: Connection refused by 127.0.0.1:5432 - Execution ID 12108,Network Failure
[9539]  Error response from daemon: container cannot be started - Execution ID 13681,Container Crash
[4666]  ECONNREFUSED: Connection refused by 127.0.0.1:5432 - Execution ID 35406,Network Failure
[1212]  Intermittent failure in test_network_connection - Execution ID 61900,Flaky Test
[4402]  Segmentation fault (core dumped) - Execution ID 56985,Container Crash
[7992]  [INFO] Thread-3 executing task WARN: Test execution time varied by more than 50% - Execution ID 12275,Flaky Test
[9948]  [INFO] Thread-10 executing task AssertionError: timestamp mismatch (flaky) - Execution ID 65164,Flaky Test
[5390]  [INFO] Thread-2 executing task Segmentation fault (core dumped) - Execution ID 35608,Container Crash
[6054]  403 Forbidden: Access denied - Execution ID 18904,Permission Error
[8471]  [INFO] Thread-5 executing task AssertionError: timestamp mismatch (flaky) - Execution ID 14543,Flaky Test
[6722]  Failed to connect to repository: Could not resolve host - Execution ID 27111,Network Failure
[3420]  [INFO] Thread-8 executing task ECONNREFUSED: Connection refused by 127.0.0.1:5432 - Execution ID 89314,Network Failure
[5208]  [INFO] Thread-1 executing task AssertionError: expected False to be True - Execution ID 82194,Test Failure
[5022]  [INFO] Thread-3 executing task Job terminated: Exceeded maximum allowed runtime - Execution ID 95866,Timeout Failure
[4604]  npm ERR! peerDependencies WARNING - Execution ID 96607,Dependency Error
[7555]  ECONNREFUSED: Connection refused by 127.0.0.1:5432 - Execution ID 22592,Network Failure
[3403]  Cannot read property 'url' of undefined from process.env - Execution ID 56456,Environment Issue
[7580]  [INFO] Thread-7 executing task SyntaxError: Unexpected token - Execution ID 65464,Build Failure
[3843]  [INFO] Thread-5 executing task socket hang up - Execution ID 74496,Network Failure
[1883]  [INFO] Thread-4 executing task User does not have permission to execute this action - Execution ID 25515,Permission Error
[2338]  [INFO] Thread-3 executing task npm ERR! code ERESOLVE - Execution ID 81097,Dependency Error
[8518]  [INFO] Thread-9 executing task Missing dependency: left-pad is not installed - Execution ID 44373,Dependency Error
[3326]  ECONNREFUSED: Connection refused by 127.0.0.1:5432 - Execution ID 22337,Network Failure
[4567]  [INFO] Thread-1 executing task Gateway Timeout: 504 - Execution ID 92113,Timeout Failure
[8016]  chmod: changing permissions of 'script.sh': Operation not permitted - Execution ID 70913,Permission Error
[9983]  chmod: changing permissions of 'script.sh': Operation not permitted - Execution ID 80400,Permission Error
[6208]  Failed to connect to repository: Could not resolve host - Execution ID 51216,Network Failure
[4588]  Connection timed out after 30000 milliseconds - Execution ID 84593,Timeout Failure
[6427]  [INFO] Thread-4 executing task AccessDeniedException: User is not authorized to perform: iam:PassRole - Execution ID 57585,Permission Error
[2479]  test_user_auth_failed: user is not authenticated - Execution ID 79896,Test Failure
[3950]  Error: expect(received).toBe(expected) - Execution ID 78948,Test Failure
[5622]  Exception: AWS_REGION is not set - Execution ID 59009,Environment Issue
"[4471]  [INFO] Thread-5 executing task EACCES: permission denied, open '/var/log/app.log' - Execution ID 75224",Permission Error
[1915]  [INFO] Thread-6 executing task Test passed on retry 2 - Execution ID 96982,Flaky Test
[4498]  Test passed on retry 2 - Execution ID 15772,Flaky Test
[2760]  [INFO] Thread-4 executing task Error: expect(received).toBe(expected) - Execution ID 48860,Test Failure
[3921]  Configuration Error: Invalid JSON in config.yaml - Execution ID 33812,Environment Issue
[8945]  [INFO] Thread-9 executing task User does not have permission to execute this action - Execution ID 67483,Permission Error
[3340]  Test passed on retry 2 - Execution ID 48126,Flaky Test
"[3533]  [INFO] Thread-9 executing task Error: Timeout of 5000ms exceeded. For async tests and hooks, ensure ""done()"" is called - Execution ID 29118",Timeout Failure
[1488]  [INFO] Thread-1 executing task Error: expect(received).toBe(expected) - Execution ID 21385,Test Failure
[6950]  urllib.error.URLError: <urlopen error [Errno 111] Connection refused> - Execution ID 99785,Network Failure
[6128]  [INFO] Thread-5 executing task AssertionError: timestamp mismatch (flaky) - Execution ID 97436,Flaky Test
[7653]  [INFO] Thread-5 executing task SyntaxError: Unexpected token - Execution ID 59808,Build Failure
[6141]  Failed to connect to repository: Could not resolve host - Execution ID 68728,Network Failure
[8954]  Connection timed out after 30000 milliseconds - Execution ID 59559,Timeout Failure
[5539]  [INFO] Thread-9 executing task Intermittent failure in test_network_connection - Execution ID 94570,Flaky Test
[3861]  Missing dependency: left-pad is not installed - Execution ID 57343,Dependency Error
[9833]  [INFO] Thread-1 executing task ModuleNotFoundError: No module named 'src.utils' - Execution ID 87018,Build Failure
[8013]  [INFO] Thread-4 executing task OOMKilled: Container exited with code 137 - Execution ID 98944,Container Crash
[7233]  FileNotFoundError: [Errno 2] No such file or directory: '/etc/config.json' - Execution ID 60137,Environment Issue
[6707]  [INFO] Thread-3 executing task OOMKilled: Container exited with code 137 - Execution ID 94451,Container Crash
[5321]  [INFO] Thread-2 executing task panic: runtime error: invalid memory address or nil pointer dereference - Execution ID 82785,Container Crash
[1745]  [INFO] Thread-9 executing task panic: runtime error: invalid memory address or nil pointer dereference - Execution ID 73568,Container Crash
"[1917]  Randomised test failed, check seed 12345 - Execution ID 66133",Flaky Test
[4128]  [INFO] Thread-8 executing task Segmentation fault (core dumped) - Execution ID 92191,Container Crash
[6537]  Cannot read property 'url' of undefined from process.env - Execution ID 17715,Environment Issue
[7561]  chmod: changing permissions of 'script.sh': Operation not permitted - Execution ID 47985,Permission Error
"[4487]  [INFO] Thread-4 executing task EACCES: permission denied, open '/var/log/app.log' - Execution ID 36042",Permission Error
[5341]  [INFO] Thread-3 executing task Connection timed out after 30000 milliseconds - Execution ID 86512,Timeout Failure
[1143]  [INFO] Thread-1 executing task npm ERR! code ERESOLVE - Execution ID 84632,Dependency Error
[5957]  [INFO] Thread-2 executing task Failed to load resource: net::ERR_NAME_NOT_RESOLVED - Execution ID 57391,Dependency Error
[9387]  [INFO] Thread-3 executing task TS2322: Type 'string' is not assignable to type 'number'. - Execution ID 50529,Build Failure
[7110]  TS2322: Type 'string' is not assignable to type 'number'. - Execution ID 15258,Build Failure
[3812]  WARN: Test execution time varied by more than 50% - Execution ID 43549,Flaky Test
[1090]  panic: runtime error: invalid memory address or nil pointer dereference - Execution ID 41758,Container Crash
[6740]  error: ISO C++ forbids comparison between pointer and integer - Execution ID 46329,Build Failure
[9679]  SyntaxError: Unexpected token - Execution ID 98229,Build Failure
[8924]  [INFO] Thread-10 executing task Error response from daemon: container cannot be started - Execution ID 81686,Container Crash
[6174]  [INFO] Thread-7 executing task docker run failed: container crashed unexpectedly - Execution ID 11713,Container Crash
[7185]  [INFO] Thread-10 executing task socket hang up - Execution ID 94479,Network Failure
[5548]  error: ISO C++ forbids comparison between pointer and integer - Execution ID 40865,Build Failure
[9988]  [INFO] Thread-8 executing task urllib.error.URLError: <urlopen error [Errno 111] Connection refused> - Execution ID 53479,Network Failure
[5071]  Segmentation fault (core dumped) - Execution ID 26472,Container Crash
[9466]  [INFO] Thread-10 executing task error: expected ';' before '}' token - Execution ID 52292,Build Failure
[3267]  [INFO] Thread-4 executing task WARN: Test execution time varied by more than 50% - Execution ID 48219,Flaky Test
[6205]  test_user_auth_failed: user is not authenticated - Execution ID 64662,Test Failure
[1247]  [INFO] Thread-3 executing task SyntaxError: Unexpected token - Execution ID 78967,Build Failure
[2963]  test_user_auth_failed: user is not authenticated - Execution ID 57694,Test Failure
[2189]  [INFO] Thread-5 executing task npm ERR! code ERESOLVE - Execution ID 21985,Dependency Error
[1862]  ECONNREFUSED: Connection refused by 127.0.0.1:5432 - Execution ID 47353,Network Failure
[5204]  AssertionError: timestamp mismatch (flaky) - Execution ID 84207,Flaky Test
[5401]  ModuleNotFoundError: No module named 'src.utils' - Execution ID 70449,Build Failure
[8822]  docker run failed: container crashed unexpectedly - Execution ID 84567,Container Crash
[8835]  [INFO] Thread-3 executing task Intermittent failure in test_network_connection - Execution ID 91807,Flaky Test
[1420]  Network is unreachable - Execution ID 20206,Network Failure
[3064]  [INFO] Thread-3 executing task TS2322: Type 'string' is not assignable to type 'number'. - Execution ID 65509,Build Failure
[4258]  Error response from daemon: container cannot be started - Execution ID 77987,Container Crash
[3236]  npm ERR! code ERESOLVE - Execution ID 58789,Dependency Error
[2673]  [INFO] Thread-5 executing task FileNotFoundError: [Errno 2] No such file or directory: '/etc/config.json' - Execution ID 63614,Environment Issue
[4766]  [INFO] Thread-3 executing task npm ERR! peerDependencies WARNING - Execution ID 79233,Dependency Error
[6579]  [INFO] Thread-7 executing task Gateway Timeout: 504 - Execution ID 78786,Timeout Failure
[6430]  npm ERR! peerDependencies WARNING - Execution ID 70720,Dependency Error
[5679]  AccessDeniedException: User is not authorized to perform: iam:PassRole - Execution ID 22626,Permission Error
[5183]  AssertionError: timestamp mismatch (flaky) - Execution ID 75839,Flaky Test
[5649]  [INFO] Thread-8 executing task make: *** [all] Error 2 - Execution ID 40339,Build Failure
[3606]  [INFO] Thread-6 executing task Configuration Error: Invalid JSON in config.yaml - Execution ID 56995,Environment Issue
[8309]  [INFO] Thread-10 executing task Failed to load resource: net::ERR_NAME_NOT_RESOLVED - Execution ID 85594,Dependency Error
"[7880]  [INFO] Thread-10 executing task Error: Timeout of 5000ms exceeded. For async tests and hooks, ensure ""done()"" is called - Execution ID 85064",Timeout Failure
[2962]  Missing dependency: left-pad is not installed - Execution ID 85425,Dependency Error
[8144]  [INFO] Thread-9 executing task Gateway Timeout: 504 - Execution ID 53936,Timeout Failure
[8985]  AssertionError: expected False to be True - Execution ID 63653,Test Failure
[5392]  socket hang up - Execution ID 41690,Network Failure
[5472]  [INFO] Thread-7 executing task FAIL src/components/App.test.tsx - Execution ID 77924,Test Failure
[5493]  [INFO] Thread-9 executing task Error: Missing environment variable DB_PASSWORD - Execution ID 85419,Environment Issue
[3496]  [INFO] Thread-7 executing task Job terminated: Exceeded maximum allowed runtime - Execution ID 65290,Timeout Failure
[2088]  [INFO] Thread-6 executing task urllib.error.URLError: <urlopen error [Errno 111] Connection refused> - Execution ID 66710,Network Failure
"[4351]  [INFO] Thread-4 executing task Randomised test failed, check seed 12345 - Execution ID 61147",Flaky Test
[4188]  [INFO] Thread-3 executing task ModuleNotFoundError: No module named 'src.utils' - Execution ID 78422,Build Failure
[1991]  [INFO] Thread-9 executing task Failed to load resource: net::ERR_NAME_NOT_RESOLVED - Execution ID 66019,Dependency Error
[2485]  [INFO] Thread-5 executing task Gateway Timeout: 504 - Execution ID 32435,Timeout Failure
[6226]  test_user_auth_failed: user is not authenticated - Execution ID 77111,Test Failure
[7207]  Cannot read property 'url' of undefined from process.env - Execution ID 79527,Environment Issue
[3140]  [INFO] Thread-6 executing task Request timeout while fetching https://api.github.com - Execution ID 27711,Timeout Failure
[9096]  [INFO] Thread-3 executing task Exception: AWS_REGION is not set - Execution ID 10358,Environment Issue
[9786]  [INFO] Thread-3 executing task Expected value to equal: 5 Received: 4 - Execution ID 97323,Test Failure
[2016]  [INFO] Thread-3 executing task Cannot read property 'url' of undefined from process.env - Execution ID 89612,Environment Issue
[1347]  [INFO] Thread-10 executing task Expected value to equal: 5 Received: 4 - Execution ID 75245,Test Failure
[3895]  [INFO] Thread-7 executing task Expected value to equal: 5 Received: 4 - Execution ID 43876,Test Failure
[6983]  OOMKilled: Container exited with code 137 - Execution ID 98465,Container Crash
[7868]  [INFO] Thread-2 executing task Gateway Timeout: 504 - Execution ID 93367,Timeout Failure
[9945]  AccessDeniedException: User is not authorized to perform: iam:PassRole - Execution ID 32600,Permission Error
[3992]  User does not have permission to execute this action - Execution ID 62385,Permission Error
[8759]  [INFO] Thread-5 executing task Error: Missing environment variable DB_PASSWORD - Execution ID 89057,Environment Issue
[4034]  Missing dependency: left-pad is not installed - Execution ID 74007,Dependency Error
[4917]  Error: expect(received).toBe(expected) - Execution ID 78104,Test Failure
[8482]  [INFO] Thread-7 executing task SyntaxError: Unexpected token - Execution ID 32672,Build Failure
[5856]  AssertionError: expected False to be True - Execution ID 66753,Test Failure
[5636]  [INFO] Thread-9 executing task socket hang up - Execution ID 28903,Network Failure
[5015]  Configuration Error: Invalid JSON in config.yaml - Execution ID 97271,Environment Issue
[3609]  [INFO] Thread-10 executing task Error response from daemon: container cannot be started - Execution ID 68431,Container Crash
[1179]  [INFO] Thread-3 executing task error: ISO C++ forbids comparison between pointer and integer - Execution ID 57727,Build Failure
"[9782]  [INFO] Thread-7 executing task Randomised test failed, check seed 12345 - Execution ID 14748",Flaky Test
[6868]  [INFO] Thread-10 executing task AssertionError: timestamp mismatch (flaky) - Execution ID 46956,Flaky Test
[7697]  FAIL src/components/App.test.tsx - Execution ID 13216,Test Failure
[2540]  Gateway Timeout: 504 - Execution ID 43632,Timeout Failure
[2490]  [INFO] Thread-10 executing task error: ISO C++ forbids comparison between pointer and integer - Execution ID 20089,Build Failure
[4189]  Connection timed out after 30000 milliseconds - Execution ID 46588,Timeout Failure
[2201]  [INFO] Thread-3 executing task Configuration Error: Invalid JSON in config.yaml - Execution ID 62475,Environment Issue
[9383]  TS2322: Type 'string' is not assignable to type 'number'. - Execution ID 49409,Build Failure
[7085]  panic: runtime error: invalid memory address or nil pointer dereference - Execution ID 44593,Container Crash
[2439]  [INFO] Thread-4 executing task 403 Forbidden: Access denied - Execution ID 18888,Permission Error
[3030]  make: *** [all] Error 2 - Execution ID 54395,Build Failure
[8115]  Job terminated: Exceeded maximum allowed runtime - Execution ID 54736,Timeout Failure
[1269]  [INFO] Thread-10 executing task npm ERR! peerDependencies WARNING - Execution ID 13390,Dependency Error
[2075]  Segmentation fault (core dumped) - Execution ID 17350,Container Crash
[4069]  make: *** [all] Error 2 - Execution ID 18283,Build Failure
[7886]  error: ISO C++ forbids comparison between pointer and integer - Execution ID 42325,Build Failure
[7626]  [INFO] Thread-3 executing task npm ERR! code ERESOLVE - Execution ID 83115,Dependency Error
[8392]  User does not have permission to execute this action - Execution ID 68640,Permission Error
[7731]  Request timeout while fetching https://api.github.com - Execution ID 69579,Timeout Failure
[7259]  chmod: changing permissions of 'script.sh': Operation not permitted - Execution ID 72654,Permission Error
[1311]  [INFO] Thread-5 executing task AssertionError: expected False to be True - Execution ID 31540,Test Failure
"[7191]  [INFO] Thread-7 executing task Randomised test failed, check seed 12345 - Execution ID 79873",Flaky Test
[7476]  Could not resolve dependencies for project - Execution ID 97917,Dependency Error
"[7392]  [INFO] Thread-7 executing task Randomised test failed, check seed 12345 - Execution ID 52944",Flaky Test
[3846]  SyntaxError: Unexpected token - Execution ID 26798,Build Failure
[6849]  [INFO] Thread-3 executing task npm ERR! code ERESOLVE - Execution ID 57672,Dependency Error
[7719]  [INFO] Thread-1 executing task Exception: AWS_REGION is not set - Execution ID 45566,Environment Issue
[7111]  Error: Missing environment variable DB_PASSWORD - Execution ID 32400,Environment Issue
[2150]  [INFO] Thread-8 executing task make: *** [all] Error 2 - Execution ID 91268,Build Failure
[5289]  error: ISO C++ forbids comparison between pointer and integer - Execution ID 86167,Build Failure
"[3452]  [INFO] Thread-6 executing task Randomised test failed, check seed 12345 - Execution ID 31304",Flaky Test
[5035]  Job terminated: Exceeded maximum allowed runtime - Execution ID 56063,Timeout Failure
[5571]  [INFO] Thread-2 executing task socket hang up - Execution ID 30913,Network Failure
[9303]  [INFO] Thread-7 executing task ECONNREFUSED: Connection refused by 127.0.0.1:5432 - Execution ID 95851,Network Failure
[1787]  Network is unreachable - Execution ID 62851,Network Failure
[5017]  Expected value to equal: 5 Received: 4 - Execution ID 17442,Test Failure
"[6551]  Randomised test failed, check seed 12345 - Execution ID 14196",Flaky Test
[5437]  AssertionError: expected False to be True - Execution ID 67611,Test Failure
[7431]  [INFO] Thread-5 executing task AssertionError: timestamp mismatch (flaky) - Execution ID 39695,Flaky Test
[2753]  [INFO] Thread-5 executing task error: expected ';' before '}' token - Execution ID 98850,Build Failure
[8910]  User does not have permission to execute this action - Execution ID 70726,Permission Error
[8797]  FAIL src/components/App.test.tsx - Execution ID 62119,Test Failure
[3237]  Expected value to equal: 5 Received: 4 - Execution ID 19559,Test Failure
[7144]  Expected value to equal: 5 Received: 4 - Execution ID 45669,Test Failure
[9587]  [INFO] Thread-7 executing task Cannot read property 'url' of undefined from process.env - Execution ID 30895,Environment Issue
[2645]  AssertionError: expected False to be True - Execution ID 84264,Test Failure
[1113]  TS2322: Type 'string' is not assignable to type 'number'. - Execution ID 30311,Build Failure
[1986]  [INFO] Thread-6 executing task Failed to load resource: net::ERR_NAME_NOT_RESOLVED - Execution ID 81394,Dependency Error
[1703]  npm ERR! peerDependencies WARNING - Execution ID 12396,Dependency Error
[8635]  [INFO] Thread-7 executing task Connection timed out after 30000 milliseconds - Execution ID 46741,Timeout Failure
[2249]  [INFO] Thread-7 executing task socket hang up - Execution ID 78417,Network Failure
[3723]  Failed to connect to repository: Could not resolve host - Execution ID 63176,Network Failure
[9042]  Exception: AWS_REGION is not set - Execution ID 41095,Environment Issue
[8624]  docker run failed: container crashed unexpectedly - Execution ID 53792,Container Crash
[2924]  [INFO] Thread-1 executing task socket hang up - Execution ID 62811,Network Failure
[4023]  OOMKilled: Container exited with code 137 - Execution ID 67091,Container Crash
[2008]  Error response from daemon: container cannot be started - Execution ID 24569,Container Crash
[6354]  Could not resolve dependencies for project - Execution ID 87341,Dependency Error
[4486]  error: expected ';' before '}' token - Execution ID 60059,Build Failure
[4092]  [INFO] Thread-8 executing task Error: expect(received).toBe(expected) - Execution ID 10254,Test Failure
[7322]  403 Forbidden: Access denied - Execution ID 75184,Permission Error
[9526]  Network is unreachable - Execution ID 88740,Network Failure
[3081]  Connection timed out after 30000 milliseconds - Execution ID 21122,Timeout Failure
[5354]  [INFO] Thread-7 executing task AccessDeniedException: User is not authorized to perform: iam:PassRole - Execution ID 77793,Permission Error
[3669]  error: expected ';' before '}' token - Execution ID 79030,Build Failure
[9372]  npm ERR! peerDependencies WARNING - Execution ID 96755,Dependency Error
[1572]  Could not resolve dependencies for project - Execution ID 59617,Dependency Error
[6909]  Job terminated: Exceeded maximum allowed runtime - Execution ID 78763,Timeout Failure
"[7717]  Error: Timeout of 5000ms exceeded. For async tests and hooks, ensure ""done()"" is called - Execution ID 45544",Timeout Failure
[7650]  [INFO] Thread-8 executing task chmod: changing permissions of 'script.sh': Operation not permitted - Execution ID 90973,Permission Error
[9218]  Intermittent failure in test_network_connection - Execution ID 50834,Flaky Test
[9055]  [INFO] Thread-3 executing task Job terminated: Exceeded maximum allowed runtime - Execution ID 60119,Timeout Failure
[8342]  403 Forbidden: Access denied - Execution ID 40255,Permission Error
[7548]  [INFO] Thread-4 executing task TS2322: Type 'string' is not assignable to type 'number'. - Execution ID 78515,Build Failure
[5711]  Expected value to equal: 5 Received: 4 - Execution ID 64052,Test Failure
[9360]  Connection timed out after 30000 milliseconds - Execution ID 37871,Timeout Failure
[9648]  Test passed on retry 2 - Execution ID 54202,Flaky Test
[1002]  Job terminated: Exceeded maximum allowed runtime - Execution ID 59671,Timeout Failure
[5285]  WARN: Test execution time varied by more than 50% - Execution ID 95988,Flaky Test
[6947]  ECONNREFUSED: Connection refused by 127.0.0.1:5432 - Execution ID 25965,Network Failure
[2767]  [INFO] Thread-2 executing task Missing dependency: left-pad is not installed - Execution ID 90356,Dependency Error
[7315]  [INFO] Thread-1 executing task docker run failed: container crashed unexpectedly - Execution ID 95577,Container Crash
[6129]  [INFO] Thread-1 executing task docker run failed: container crashed unexpectedly - Execution ID 67676,Container Crash
[8547]  [INFO] Thread-5 executing task Test passed on retry 2 - Execution ID 71555,Flaky Test
[9700]  panic: runtime error: invalid memory address or nil pointer dereference - Execution ID 84521,Container Crash
[5755]  WARN: Test execution time varied by more than 50% - Execution ID 32309,Flaky Test
[5382]  Could not resolve dependencies for project - Execution ID 50541,Dependency Error
[2163]  AssertionError: expected False to be True - Execution ID 31438,Test Failure
[9012]  Error response from daemon: container cannot be started - Execution ID 11301,Container Crash
[7714]  [INFO] Thread-5 executing task error: ISO C++ forbids comparison between pointer and integer - Execution ID 56891,Build Failure
[7770]  [INFO] Thread-7 executing task Missing dependency: left-pad is not installed - Execution ID 68621,Dependency Error
[5160]  [INFO] Thread-5 executing task Error response from daemon: container cannot be started - Execution ID 20265,Container Crash
[3498]  panic: runtime error: invalid memory address or nil pointer dereference - Execution ID 84160,Container Crash
[2095]  [INFO] Thread-9 executing task Error response from daemon: container cannot be started - Execution ID 95376,Container Crash
[9339]  [INFO] Thread-8 executing task Cannot read property 'url' of undefined from process.env - Execution ID 36149,Environment Issue
[8135]  make: *** [all] Error 2 - Execution ID 82030,Build Failure
[3515]  [INFO] Thread-9 executing task AssertionError: expected False to be True - Execution ID 38446,Test Failure
[5385]  Job terminated: Exceeded maximum allowed runtime - Execution ID 82486,Timeout Failure
[7677]  OOMKilled: Container exited with code 137 - Execution ID 80164,Container Crash
[4669]  [INFO] Thread-5 executing task npm ERR! code ERESOLVE - Execution ID 83465,Dependency Error
[3533]  socket hang up - Execution ID 74478,Network Failure
[2873]  [INFO] Thread-8 executing task urllib.error.URLError: <urlopen error [Errno 111] Connection refused> - Execution ID 54495,Network Failure
[1478]  [INFO] Thread-7 executing task chmod: changing permissions of 'script.sh': Operation not permitted - Execution ID 22406,Permission Error
[7983]  error: ISO C++ forbids comparison between pointer and integer - Execution ID 62379,Build Failure
[8453]  Error: expect(received).toBe(expected) - Execution ID 73899,Test Failure
[3738]  [INFO] Thread-5 executing task Segmentation fault (core dumped) - Execution ID 11217,Container Crash
[5619]  [INFO] Thread-10 executing task Intermittent failure in test_network_connection - Execution ID 26513,Flaky Test
[2939]  Request timeout while fetching https://api.github.com - Execution ID 35816,Timeout Failure
[7443]  [INFO] Thread-5 executing task make: *** [all] Error 2 - Execution ID 30607,Build Failure
"[6288]  [INFO] Thread-1 executing task Error: Timeout of 5000ms exceeded. For async tests and hooks, ensure ""done()"" is called - Execution ID 56552",Timeout Failure
[8227]  [INFO] Thread-5 executing task Error response from daemon: container cannot be started - Execution ID 85266,Container Crash
[9873]  ECONNREFUSED: Connection refused by 127.0.0.1:5432 - Execution ID 11826,Network Failure
[7769]  test_user_auth_failed: user is not authenticated - Execution ID 55647,Test Failure
"[8136]  [INFO] Thread-5 executing task Randomised test failed, check seed 12345 - Execution ID 81376",Flaky Test
[1646]  test_user_auth_failed: user is not authenticated - Execution ID 28361,Test Failure
[7709]  [INFO] Thread-9 executing task ModuleNotFoundError: No module named 'src.utils' - Execution ID 56655,Build Failure
[7766]  [INFO] Thread-1 executing task TS2322: Type 'string' is not assignable to type 'number'. - Execution ID 41288,Build Failure
[1200]  User does not have permission to execute this action - Execution ID 95509,Permission Error
[3287]  ModuleNotFoundError: No module named 'src.utils' - Execution ID 99652,Build Failure
[1267]  [INFO] Thread-3 executing task test_user_auth_failed: user is not authenticated - Execution ID 90550,Test Failure
[9045]  Job terminated: Exceeded maximum allowed runtime - Execution ID 60313,Timeout Failure
[2497]  ECONNREFUSED: Connection refused by 127.0.0.1:5432 - Execution ID 94919,Network Failure
[4499]  Missing dependency: left-pad is not installed - Execution ID 86048,Dependency Error
[4463]  [INFO] Thread-3 executing task TS2322: Type 'string' is not assignable to type 'number'. - Execution ID 55794,Build Failure
[1350]  ECONNREFUSED: Connection refused by 127.0.0.1:5432 - Execution ID 15837,Network Failure
[3252]  [INFO] Thread-2 executing task FAIL src/components/App.test.tsx - Execution ID 78750,Test Failure
[5757]  [INFO] Thread-5 executing task Exception: AWS_REGION is not set - Execution ID 89508,Environment Issue
[8384]  [INFO] Thread-8 executing task WARN: Test execution time varied by more than 50% - Execution ID 69062,Flaky Test
[1780]  ModuleNotFoundError: No module named 'src.utils' - Execution ID 47470,Build Failure
[6631]  [INFO] Thread-1 executing task Gateway Timeout: 504 - Execution ID 96975,Timeout Failure
[3905]  [INFO] Thread-2 executing task pip: No matching distribution found for numpy==99.9.9 - Execution ID 35378,Dependency Error
[1000]  AssertionError: expected False to be True - Execution ID 59795,Test Failure
[9246]  make: *** [all] Error 2 - Execution ID 34978,Build Failure
[7040]  error: expected ';' before '}' token - Execution ID 78485,Build Failure
"[9453]  Randomised test failed, check seed 12345 - Execution ID 88186",Flaky Test
"[8716]  EACCES: permission denied, open '/var/log/app.log' - Execution ID 75036",Permission Error
[4537]  [INFO] Thread-3 executing task Missing dependency: left-pad is not installed - Execution ID 85587,Dependency Error
[4159]  Segmentation fault (core dumped) - Execution ID 28420,Container Crash
[7370]  [INFO] Thread-4 executing task error: expected ';' before '}' token - Execution ID 35123,Build Failure
[5413]  Missing dependency: left-pad is not installed - Execution ID 25042,Dependency Error
[9809]  [INFO] Thread-10 executing task Cannot read property 'url' of undefined from process.env - Execution ID 63035,Environment Issue
[7370]  Exception: AWS_REGION is not set - Execution ID 75708,Environment Issue
[6510]  [INFO] Thread-1 executing task SyntaxError: Unexpected token - Execution ID 17611,Build Failure
[1941]  make: *** [all] Error 2 - Execution ID 98883,Build Failure
[2650]  FAIL src/components/App.test.tsx - Execution ID 36083,Test Failure
[8278]  AccessDeniedException: User is not authorized to perform: iam:PassRole - Execution ID 17993,Permission Error
[5659]  AssertionError: expected False to be True - Execution ID 27435,Test Failure
[8596]  ModuleNotFoundError: No module named 'src.utils' - Execution ID 34388,Build Failure
[6225]  panic: runtime error: invalid memory address or nil pointer dereference - Execution ID 36345,Container Crash
[5792]  chmod: changing permissions of 'script.sh': Operation not permitted - Execution ID 72237,Permission Error
[2331]  Connection timed out after 30000 milliseconds - Execution ID 63334,Timeout Failure
[4017]  [INFO] Thread-6 executing task Configuration Error: Invalid JSON in config.yaml - Execution ID 90483,Environment Issue
[2771]  AssertionError: expected False to be True - Execution ID 65289,Test Failure
[7567]  Exception: AWS_REGION is not set - Execution ID 66605,Environment Issue
[6207]  [INFO] Thread-1 executing task Cannot read property 'url' of undefined from process.env - Execution ID 47534,Environment Issue
"[3481]  [INFO] Thread-9 executing task EACCES: permission denied, open '/var/log/app.log' - Execution ID 45710",Permission Error
[2724]  pip: No matching distribution found for numpy==99.9.9 - Execution ID 38865,Dependency Error
[7791]  [INFO] Thread-2 executing task test_user_auth_failed: user is not authenticated - Execution ID 11907,Test Failure
[2538]  Could not resolve dependencies for project - Execution ID 98114,Dependency Error
[9830]  [INFO] Thread-5 executing task Exception: AWS_REGION is not set - Execution ID 66998,Environment Issue
[9736]  [INFO] Thread-9 executing task ECONNREFUSED: Connection refused by 127.0.0.1:5432 - Execution ID 23077,Network Failure
[4250]  error: expected ';' before '}' token - Execution ID 37371,Build Failure
[2656]  urllib.error.URLError: <urlopen error [Errno 111] Connection refused> - Execution ID 18118,Network Failure
[2141]  [INFO] Thread-6 executing task Segmentation fault (core dumped) - Execution ID 66897,Container Crash
[1776]  pip: No matching distribution found for numpy==99.9.9 - Execution ID 89409,Dependency Error
[2108]  chmod: changing permissions of 'script.sh': Operation not permitted - Execution ID 67145,Permission Error
[9301]  panic: runtime error: invalid memory address or nil pointer dereference - Execution ID 31118,Container Crash
[1421]  [INFO] Thread-7 executing task ECONNREFUSED: Connection refused by 127.0.0.1:5432 - Execution ID 37729,Network Failure
[6867]  403 Forbidden: Access denied - Execution ID 48605,Permission Error
[9058]  Exception: AWS_REGION is not set - Execution ID 94868,Environment Issue
[9378]  [INFO] Thread-5 executing task Configuration Error: Invalid JSON in config.yaml - Execution ID 17444,Environment Issue
[7789]  [INFO] Thread-7 executing task Job terminated: Exceeded maximum allowed runtime - Execution ID 66059,Timeout Failure
[2506]  [INFO] Thread-7 executing task Cannot read property 'url' of undefined from process.env - Execution ID 52322,Environment Issue
[8541]  Gateway Timeout: 504 - Execution ID 88430,Timeout Failure
[6328]  [INFO] Thread-2 executing task error: ISO C++ forbids comparison between pointer and integer - Execution ID 45538,Build Failure
[8393]  Failed to load resource: net::ERR_NAME_NOT_RESOLVED - Execution ID 29030,Dependency Error
[6293]  [INFO] Thread-1 executing task Failed to connect to repository: Could not resolve host - Execution ID 42127,Network Failure
[4044]  npm ERR! code ERESOLVE - Execution ID 43035,Dependency Error
[7282]  [INFO] Thread-6 executing task Failed to connect to repository: Could not resolve host - Execution ID 17988,Network Failure
[1788]  panic: runtime error: invalid memory address or nil pointer dereference - Execution ID 97175,Container Crash
[9427]  [INFO] Thread-8 executing task Request timeout while fetching https://api.github.com - Execution ID 42387,Timeout Failure
[7497]  [INFO] Thread-8 executing task OOMKilled: Container exited with code 137 - Execution ID 61352,Container Crash
[3411]  [INFO] Thread-6 executing task socket hang up - Execution ID 66885,Network Failure
[1549]  Configuration Error: Invalid JSON in config.yaml - Execution ID 74235,Environment Issue
[6909]  Cannot read property 'url' of undefined from process.env - Execution ID 62584,Environment Issue
[3373]  [INFO] Thread-3 executing task Request timeout while fetching https://api.github.com - Execution ID 99549,Timeout Failure
[3823]  [INFO] Thread-6 executing task Missing dependency: left-pad is not installed - Execution ID 82692,Dependency Error
[7654]  Missing dependency: left-pad is not installed - Execution ID 58608,Dependency Error
"[3514]  Randomised test failed, check seed 12345 - Execution ID 97756",Flaky Test
[6455]  [INFO] Thread-7 executing task AssertionError: timestamp mismatch (flaky) - Execution ID 36366,Flaky Test
[6631]  AccessDeniedException: User is not authorized to perform: iam:PassRole - Execution ID 72692,Permission Error
[7759]  [INFO] Thread-1 executing task FAIL src/components/App.test.tsx - Execution ID 60371,Test Failure
[8943]  ModuleNotFoundError: No module named 'src.utils' - Execution ID 91567,Build Failure
[5971]  [INFO] Thread-9 executing task SyntaxError: Unexpected token - Execution ID 76822,Build Failure
[7890]  WARN: Test execution time varied by more than 50% - Execution ID 22790,Flaky Test
[4515]  [INFO] Thread-7 executing task error: ISO C++ forbids comparison between pointer and integer - Execution ID 38226,Build Failure
[2039]  [INFO] Thread-4 executing task docker run failed: container crashed unexpectedly - Execution ID 78558,Container Crash
[2759]  [INFO] Thread-4 executing task npm ERR! peerDependencies WARNING - Execution ID 89231,Dependency Error
[9659]  [INFO] Thread-9 executing task error: ISO C++ forbids comparison between pointer and integer - Execution ID 72739,Build Failure
[9491]  [INFO] Thread-4 executing task WARN: Test execution time varied by more than 50% - Execution ID 86869,Flaky Test
"[4512]  Randomised test failed, check seed 12345 - Execution ID 46094",Flaky Test
[3483]  [INFO] Thread-3 executing task Connection timed out after 30000 milliseconds - Execution ID 16705,Timeout Failure
[1295]  [INFO] Thread-10 executing task Cannot read property 'url' of undefined from process.env - Execution ID 40132,Environment Issue
[6825]  Connection timed out after 30000 milliseconds - Execution ID 27339,Timeout Failure
[6253]  [INFO] Thread-8 executing task Intermittent failure in test_network_connection - Execution ID 62146,Flaky Test
[4456]  FileNotFoundError: [Errno 2] No such file or directory: '/etc/config.json' - Execution ID 65835,Environment Issue
[4889]  AssertionError: timestamp mismatch (flaky) - Execution ID 26131,Flaky Test
[7406]  FileNotFoundError: [Errno 2] No such file or directory: '/etc/config.json' - Execution ID 46198,Environment Issue
[6124]  [INFO] Thread-5 executing task User does not have permission to execute this action - Execution ID 85650,Permission Error
[6891]  [INFO] Thread-1 executing task Error response from daemon: container cannot be started - Execution ID 97138,Container Crash
[1841]  Configuration Error: Invalid JSON in config.yaml - Execution ID 45600,Environment Issue
[5350]  [INFO] Thread-2 executing task error: ISO C++ forbids comparison between pointer and integer - Execution ID 27581,Build Failure
[9548]  FileNotFoundError: [Errno 2] No such file or directory: '/etc/config.json' - Execution ID 97721,Environment Issue
[1721]  Missing dependency: left-pad is not installed - Execution ID 91239,Dependency Error
[5379]  Failed to connect to repository: Could not resolve host - Execution ID 57645,Network Failure
[6228]  [INFO] Thread-10 executing task TS2322: Type 'string' is not assignable to type 'number'. - Execution ID 64434,Build Failure
[5437]  FileNotFoundError: [Errno 2] No such file or directory: '/etc/config.json' - Execution ID 10530,Environment Issue
[3826]  Request timeout while fetching https://api.github.com - Execution ID 56254,Timeout Failure
"[4874]  [INFO] Thread-7 executing task EACCES: permission denied, open '/var/log/app.log' - Execution ID 56265",Permission Error
[2162]  ECONNREFUSED: Connection refused by 127.0.0.1:5432 - Execution ID 61345,Network Failure
[2331]  [INFO] Thread-7 executing task pip: No matching distribution found for numpy==99.9.9 - Execution ID 44223,Dependency Error
[7870]  Request timeout while fetching https://api.github.com - Execution ID 93823,Timeout Failure
[5615]  Exception: AWS_REGION is not set - Execution ID 35669,Environment Issue
[2247]  AssertionError: timestamp mismatch (flaky) - Execution ID 21062,Flaky Test
[2147]  urllib.error.URLError: <urlopen error [Errno 111] Connection refused> - Execution ID 85678,Network Failure
[3802]  [INFO] Thread-5 executing task error: expected ';' before '}' token - Execution ID 40573,Build Failure
[5631]  [INFO] Thread-6 executing task Gateway Timeout: 504 - Execution ID 83456,Timeout Failure
[2609]  Connection timed out after 30000 milliseconds - Execution ID 95854,Timeout Failure
[7990]  [INFO] Thread-7 executing task error: expected ';' before '}' token - Execution ID 95633,Build Failure
[7702]  Network is unreachable - Execution ID 77356,Network Failure
[3974]  Cannot read property 'url' of undefined from process.env - Execution ID 27596,Environment Issue
[4732]  error: expected ';' before '}' token - Execution ID 13282,Build Failure
[9463]  [INFO] Thread-10 executing task Segmentation fault (core dumped) - Execution ID 80888,Container Crash
[4049]  Request timeout while fetching https://api.github.com - Execution ID 50807,Timeout Failure
[7704]  [INFO] Thread-7 executing task npm ERR! code ERESOLVE - Execution ID 37533,Dependency Error
[3646]  [INFO] Thread-5 executing task User does not have permission to execute this action - Execution ID 81404,Permission Error
[2035]  [INFO] Thread-8 executing task Intermittent failure in test_network_connection - Execution ID 26284,Flaky Test
[1195]  pip: No matching distribution found for numpy==99.9.9 - Execution ID 61856,Dependency Error
[2777]  [INFO] Thread-4 executing task AccessDeniedException: User is not authorized to perform: iam:PassRole - Execution ID 15068,Permission Error
[3978]  Could not resolve dependencies for project - Execution ID 61783,Dependency Error
[3104]  ECONNREFUSED: Connection refused by 127.0.0.1:5432 - Execution ID 44400,Network Failure
[8599]  make: *** [all] Error 2 - Execution ID 41772,Build Failure
[2367]  [INFO] Thread-9 executing task chmod: changing permissions of 'script.sh': Operation not permitted - Execution ID 13168,Permission Error
[8053]  [INFO] Thread-3 executing task Error response from daemon: container cannot be started - Execution ID 40782,Container Crash
[9543]  [INFO] Thread-1 executing task Failed to load resource: net::ERR_NAME_NOT_RESOLVED - Execution ID 14400,Dependency Error
[9841]  SyntaxError: Unexpected token - Execution ID 28071,Build Failure
[1958]  [INFO] Thread-5 executing task TS2322: Type 'string' is not assignable to type 'number'. - Execution ID 47835,Build Failure
[1667]  SyntaxError: Unexpected token - Execution ID 31361,Build Failure
[9929]  FileNotFoundError: [Errno 2] No such file or directory: '/etc/config.json' - Execution ID 14828,Environment Issue
[1613]  [INFO] Thread-9 executing task FileNotFoundError: [Errno 2] No such file or directory: '/etc/config.json' - Execution ID 82314,Environment Issue
[1905]  pip: No matching distribution found for numpy==99.9.9 - Execution ID 25880,Dependency Error
"[2660]  EACCES: permission denied, open '/var/log/app.log' - Execution ID 44155",Permission Error
[7212]  [INFO] Thread-3 executing task TS2322: Type 'string' is not assignable to type 'number'. - Execution ID 29849,Build Failure
[7053]  [INFO] Thread-6 executing task AssertionError: timestamp mismatch (flaky) - Execution ID 24321,Flaky Test
[6856]  [INFO] Thread-9 executing task Intermittent failure in test_network_connection - Execution ID 77809,Flaky Test
[5865]  Error: expect(received).toBe(expected) - Execution ID 30968,Test Failure
[4386]  AssertionError: expected False to be True - Execution ID 13304,Test Failure
[5366]  Configuration Error: Invalid JSON in config.yaml - Execution ID 30672,Environment Issue
[5324]  [INFO] Thread-4 executing task make: *** [all] Error 2 - Execution ID 48214,Build Failure
[3033]  [INFO] Thread-1 executing task Job terminated: Exceeded maximum allowed runtime - Execution ID 87879,Timeout Failure
[9640]  AssertionError: expected False to be True - Execution ID 72469,Test Failure
[5239]  [INFO] Thread-1 executing task Request timeout while fetching https://api.github.com - Execution ID 40540,Timeout Failure
[3763]  [INFO] Thread-8 executing task AssertionError: timestamp mismatch (flaky) - Execution ID 63607,Flaky Test
[1948]  [INFO] Thread-9 executing task FAIL src/components/App.test.tsx - Execution ID 44881,Test Failure
[7135]  Cannot read property 'url' of undefined from process.env - Execution ID 98217,Environment Issue
[4398]  Intermittent failure in test_network_connection - Execution ID 40289,Flaky Test
[8457]  403 Forbidden: Access denied - Execution ID 47186,Permission Error
[3795]  WARN: Test execution time varied by more than 50% - Execution ID 25124,Flaky Test
[6131]  AssertionError: expected False to be True - Execution ID 77432,Test Failure
[4641]  Cannot read property 'url' of undefined from process.env - Execution ID 80026,Environment Issue
[5587]  error: expected ';' before '}' token - Execution ID 43048,Build Failure
[2648]  [INFO] Thread-4 executing task AssertionError: expected False to be True - Execution ID 77746,Test Failure
"[2778]  [INFO] Thread-3 executing task EACCES: permission denied, open '/var/log/app.log' - Execution ID 12437",Permission Error
[2315]  Exception: AWS_REGION is not set - Execution ID 23442,Environment Issue
[2713]  [INFO] Thread-8 executing task AssertionError: timestamp mismatch (flaky) - Execution ID 81080,Flaky Test
[7851]  [INFO] Thread-5 executing task Failed to connect to repository: Could not resolve host - Execution ID 15787,Network Failure
[3511]  [INFO] Thread-5 executing task Error: expect(received).toBe(expected) - Execution ID 13330,Test Failure
[1384]  [INFO] Thread-4 executing task test_user_auth_failed: user is not authenticated - Execution ID 59810,Test Failure
[2932]  TS2322: Type 'string' is not assignable to type 'number'. - Execution ID 91943,Build Failure
[1789]  Segmentation fault (core dumped) - Execution ID 14227,Container Crash
[7460]  [INFO] Thread-4 executing task 403 Forbidden: Access denied - Execution ID 39140,Permission Error
[6244]  AssertionError: timestamp mismatch (flaky) - Execution ID 99019,Flaky Test
[7573]  [INFO] Thread-10 executing task Expected value to equal: 5 Received: 4 - Execution ID 74262,Test Failure
[8374]  Failed to connect to repository: Could not resolve host - Execution ID 25461,Network Failure
[8136]  socket hang up - Execution ID 92302,Network Failure
[6934]  ModuleNotFoundError: No module named 'src.utils' - Execution ID 67130,Build Failure
[4738]  Failed to connect to repository: Could not resolve host - Execution ID 92913,Network Failure
[4574]  [INFO] Thread-8 executing task npm ERR! peerDependencies WARNING - Execution ID 61688,Dependency Error
[4525]  Failed to connect to repository: Could not resolve host - Execution ID 21370,Network Failure
[4669]  [INFO] Thread-8 executing task ModuleNotFoundError: No module named 'src.utils' - Execution ID 21509,Build Failure
[4347]  Gateway Timeout: 504 - Execution ID 51098,Timeout Failure
[1368]  [INFO] Thread-2 executing task Network is unreachable - Execution ID 40742,Network Failure
[9920]  Failed to connect to repository: Could not resolve host - Execution ID 91268,Network Failure
[5901]  [INFO] Thread-8 executing task error: ISO C++ forbids comparison between pointer and integer - Execution ID 91650,Build Failure
[7756]  Cannot read property 'url' of undefined from process.env - Execution ID 47641,Environment Issue
[8807]  [INFO] Thread-7 executing task SyntaxError: Unexpected token - Execution ID 87424,Build Failure
[2584]  OOMKilled: Container exited with code 137 - Execution ID 54423,Container Crash
[1695]  [INFO] Thread-5 executing task AssertionError: expected False to be True - Execution ID 49329,Test Failure
[7314]  Segmentation fault (core dumped) - Execution ID 11103,Container Crash
[3878]  Missing dependency: left-pad is not installed - Execution ID 11444,Dependency Error
[6528]  FAIL src/components/App.test.tsx - Execution ID 53497,Test Failure
[7881]  Intermittent failure in test_network_connection - Execution ID 14061,Flaky Test
[5798]  Missing dependency: left-pad is not installed - Execution ID 37571,Dependency Error
[8410]  FAIL src/components/App.test.tsx - Execution ID 81679,Test Failure
[1067]  Expected value to equal: 5 Received: 4 - Execution ID 58991,Test Failure
[4270]  Failed to load resource: net::ERR_NAME_NOT_RESOLVED - Execution ID 97805,Dependency Error
[8619]  [INFO] Thread-5 executing task AssertionError: expected False to be True - Execution ID 21121,Test Failure
[1208]  User does not have permission to execute this action - Execution ID 59724,Permission Error
[3753]  OOMKilled: Container exited with code 137 - Execution ID 68459,Container Crash
[1035]  npm ERR! peerDependencies WARNING - Execution ID 50273,Dependency Error
[3610]  [INFO] Thread-3 executing task error: expected ';' before '}' token - Execution ID 45727,Build Failure
[1852]  [INFO] Thread-3 executing task AssertionError: expected False to be True - Execution ID 90508,Test Failure
[9773]  [INFO] Thread-10 executing task FAIL src/components/App.test.tsx - Execution ID 70249,Test Failure
[6808]  docker run failed: container crashed unexpectedly - Execution ID 64563,Container Crash
[7448]  pip: No matching distribution found for numpy==99.9.9 - Execution ID 90041,Dependency Error
[5332]  [INFO] Thread-7 executing task AssertionError: expected False to be True - Execution ID 22167,Test Failure
[8617]  [INFO] Thread-9 executing task Error: expect(received).toBe(expected) - Execution ID 79070,Test Failure
[5884]  [INFO] Thread-3 executing task SyntaxError: Unexpected token - Execution ID 51544,Build Failure
[7803]  [INFO] Thread-7 executing task socket hang up - Execution ID 60926,Network Failure
[7228]  Network is unreachable - Execution ID 44531,Network Failure
[4211]  Error response from daemon: container cannot be started - Execution ID 23954,Container Crash
[2684]  [INFO] Thread-7 executing task AssertionError: timestamp mismatch (flaky) - Execution ID 88943,Flaky Test
[9316]  [INFO] Thread-1 executing task Error: expect(received).toBe(expected) - Execution ID 82858,Test Failure
[6538]  npm ERR! peerDependencies WARNING - Execution ID 49370,Dependency Error
[2480]  [INFO] Thread-3 executing task Connection timed out after 30000 milliseconds - Execution ID 91113,Timeout Failure
[7177]  [INFO] Thread-10 executing task Expected value to equal: 5 Received: 4 - Execution ID 40427,Test Failure
[8946]  [INFO] Thread-9 executing task docker run failed: container crashed unexpectedly - Execution ID 27088,Container Crash
[4829]  Segmentation fault (core dumped) - Execution ID 13818,Container Crash
[8024]  AccessDeniedException: User is not authorized to perform: iam:PassRole - Execution ID 60343,Permission Error
[6497]  [INFO] Thread-5 executing task ModuleNotFoundError: No module named 'src.utils' - Execution ID 44114,Build Failure
[6418]  [INFO] Thread-5 executing task Network is unreachable - Execution ID 71432,Network Failure
[1315]  [INFO] Thread-5 executing task AssertionError: expected False to be True - Execution ID 31589,Test Failure
[9809]  [INFO] Thread-1 executing task socket hang up - Execution ID 37057,Network Failure
[1341]  [INFO] Thread-3 executing task TS2322: Type 'string' is not assignable to type 'number'. - Execution ID 45925,Build Failure
[8129]  Cannot read property 'url' of undefined from process.env - Execution ID 62086,Environment Issue
[9417]  Gateway Timeout: 504 - Execution ID 91281,Timeout Failure
"[2942]  Randomised test failed, check seed 12345 - Execution ID 75228",Flaky Test
[9776]  test_user_auth_failed: user is not authenticated - Execution ID 70335,Test Failure
[5315]  SyntaxError: Unexpected token - Execution ID 75845,Build Failure
[1159]  [INFO] Thread-3 executing task socket hang up - Execution ID 36167,Network Failure
[4436]  Error: Missing environment variable DB_PASSWORD - Execution ID 18410,Environment Issue
[4429]  WARN: Test execution time varied by more than 50% - Execution ID 13584,Flaky Test
[1920]  Network is unreachable - Execution ID 42205,Network Failure
[9998]  [INFO] Thread-9 executing task Exception: AWS_REGION is not set - Execution ID 34902,Environment Issue
[6445]  [INFO] Thread-10 executing task npm ERR! code ERESOLVE - Execution ID 31811,Dependency Error
[1562]  Gateway Timeout: 504 - Execution ID 92487,Timeout Failure
[7650]  User does not have permission to execute this action - Execution ID 21711,Permission Error
[9271]  Test passed on retry 2 - Execution ID 71908,Flaky Test
[1115]  Test passed on retry 2 - Execution ID 63405,Flaky Test
[6826]  socket hang up - Execution ID 10202,Network Failure
[2263]  AccessDeniedException: User is not authorized to perform: iam:PassRole - Execution ID 13929,Permission Error
[2879]  Configuration Error: Invalid JSON in config.yaml - Execution ID 87616,Environment Issue
[5610]  AssertionError: timestamp mismatch (flaky) - Execution ID 83344,Flaky Test
[5918]  [INFO] Thread-1 executing task Network is unreachable - Execution ID 44223,Network Failure
[1509]  AssertionError: expected False to be True - Execution ID 52007,Test Failure
[8780]  Cannot read property 'url' of undefined from process.env - Execution ID 26431,Environment Issue
[6612]  Cannot read property 'url' of undefined from process.env - Execution ID 90398,Environment Issue
[3738]  [INFO] Thread-7 executing task Gateway Timeout: 504 - Execution ID 70111,Timeout Failure
[3601]  Expected value to equal: 5 Received: 4 - Execution ID 48353,Test Failure
[6612]  Failed to connect to repository: Could not resolve host - Execution ID 47497,Network Failure
[9134]  error: ISO C++ forbids comparison between pointer and integer - Execution ID 15580,Build Failure
[1594]  [INFO] Thread-6 executing task User does not have permission to execute this action - Execution ID 77938,Permission Error
[2350]  [INFO] Thread-1 executing task socket hang up - Execution ID 67736,Network Failure
[8906]  [INFO] Thread-7 executing task 403 Forbidden: Access denied - Execution ID 22700,Permission Error
[6022]  [INFO] Thread-10 executing task chmod: changing permissions of 'script.sh': Operation not permitted - Execution ID 50550,Permission Error
[6188]  [INFO] Thread-5 executing task error: expected ';' before '}' token - Execution ID 90416,Build Failure
[2343]  [INFO] Thread-6 executing task Connection timed out after 30000 milliseconds - Execution ID 83316,Timeout Failure
[4211]  [INFO] Thread-4 executing task Exception: AWS_REGION is not set - Execution ID 75947,Environment Issue
[9619]  Job terminated: Exceeded maximum allowed runtime - Execution ID 57295,Timeout Failure
[9672]  [INFO] Thread-9 executing task Intermittent failure in test_network_connection - Execution ID 58067,Flaky Test
[8812]  Intermittent failure in test_network_connection - Execution ID 30957,Flaky Test
[8079]  AssertionError: timestamp mismatch (flaky) - Execution ID 30047,Flaky Test
[6553]  [INFO] Thread-6 executing task Connection timed out after 30000 milliseconds - Execution ID 41125,Timeout Failure
[9907]  403 Forbidden: Access denied - Execution ID 32589,Permission Error
[7199]  [INFO] Thread-7 executing task OOMKilled: Container exited with code 137 - Execution ID 90447,Container Crash
[5038]  Network is unreachable - Execution ID 13022,Network Failure
[6075]  [INFO] Thread-6 executing task panic: runtime error: invalid memory address or nil pointer dereference - Execution ID 49426,Container Crash
[8762]  [INFO] Thread-5 executing task Configuration Error: Invalid JSON in config.yaml - Execution ID 82332,Environment Issue
[5775]  Gateway Timeout: 504 - Execution ID 99250,Timeout Failure
[8994]  test_user_auth_failed: user is not authenticated - Execution ID 23655,Test Failure
[1893]  [INFO] Thread-1 executing task chmod: changing permissions of 'script.sh': Operation not permitted - Execution ID 77750,Permission Error
[4122]  Missing dependency: left-pad is not installed - Execution ID 76807,Dependency Error
[7426]  [INFO] Thread-4 executing task test_user_auth_failed: user is not authenticated - Execution ID 12199,Test Failure
[9431]  [INFO] Thread-1 executing task Segmentation fault (core dumped) - Execution ID 46753,Container Crash
[4152]  Configuration Error: Invalid JSON in config.yaml - Execution ID 73559,Environment Issue
[9267]  Error: expect(received).toBe(expected) - Execution ID 15275,Test Failure
[2503]  Error: expect(received).toBe(expected) - Execution ID 53329,Test Failure
[7744]  [INFO] Thread-5 executing task FileNotFoundError: [Errno 2] No such file or directory: '/etc/config.json' - Execution ID 80360,Environment Issue
[3178]  [INFO] Thread-9 executing task Could not resolve dependencies for project - Execution ID 87066,Dependency Error
[8476]  urllib.error.URLError: <urlopen error [Errno 111] Connection refused> - Execution ID 20675,Network Failure
[7096]  [INFO] Thread-4 executing task Failed to connect to repository: Could not resolve host - Execution ID 79913,Network Failure
[5180]  [INFO] Thread-4 executing task Missing dependency: left-pad is not installed - Execution ID 34570,Dependency Error
[9353]  FileNotFoundError: [Errno 2] No such file or directory: '/etc/config.json' - Execution ID 22284,Environment Issue
[4316]  [INFO] Thread-8 executing task make: *** [all] Error 2 - Execution ID 14703,Build Failure
[5781]  [INFO] Thread-10 executing task Error: Missing environment variable DB_PASSWORD - Execution ID 33813,Environment Issue
[1721]  [INFO] Thread-4 executing task socket hang up - Execution ID 96602,Network Failure
"[1094]  Error: Timeout of 5000ms exceeded. For async tests and hooks, ensure ""done()"" is called - Execution ID 45652",Timeout Failure
"[8277]  [INFO] Thread-6 executing task Error: Timeout of 5000ms exceeded. For async tests and hooks, ensure ""done()"" is called - Execution ID 11226",Timeout Failure
"[9035]  [INFO] Thread-1 executing task Randomised test failed, check seed 12345 - Execution ID 20490",Flaky Test
[5439]  Failed to connect to repository: Could not resolve host - Execution ID 20341,Network Failure
[8059]  [INFO] Thread-5 executing task AssertionError: expected False to be True - Execution ID 15810,Test Failure
[1302]  ModuleNotFoundError: No module named 'src.utils' - Execution ID 60400,Build Failure
"[1975]  [INFO] Thread-2 executing task Randomised test failed, check seed 12345 - Execution ID 43415",Flaky Test
[2792]  Error: expect(received).toBe(expected) - Execution ID 67582,Test Failure
[1462]  npm ERR! code ERESOLVE - Execution ID 99595,Dependency Error
[5395]  AccessDeniedException: User is not authorized to perform: iam:PassRole - Execution ID 34175,Permission Error
[1146]  panic: runtime error: invalid memory address or nil pointer dereference - Execution ID 22827,Container Crash
[3681]  urllib.error.URLError: <urlopen error [Errno 111] Connection refused> - Execution ID 66583,Network Failure
[8440]  [INFO] Thread-7 executing task socket hang up - Execution ID 46799,Network Failure
[6867]  [INFO] Thread-4 executing task docker run failed: container crashed unexpectedly - Execution ID 49931,Container Crash
[8222]  Cannot read property 'url' of undefined from process.env - Execution ID 67975,Environment Issue
[1479]  chmod: changing permissions of 'script.sh': Operation not permitted - Execution ID 39862,Permission Error
[7380]  [INFO] Thread-7 executing task urllib.error.URLError: <urlopen error [Errno 111] Connection refused> - Execution ID 94294,Network Failure
[1172]  [INFO] Thread-6 executing task error: ISO C++ forbids comparison between pointer and integer - Execution ID 75103,Build Failure
"[9720]  [INFO] Thread-5 executing task Randomised test failed, check seed 12345 - Execution ID 44112",Flaky Test
"[7343]  Error: Timeout of 5000ms exceeded. For async tests and hooks, ensure ""done()"" is called - Execution ID 38536",Timeout Failure
[7767]  error: ISO C++ forbids comparison between pointer and integer - Execution ID 11896,Build Failure
[6433]  docker run failed: container crashed unexpectedly - Execution ID 76628,Container Crash
[3697]  [INFO] Thread-6 executing task make: *** [all] Error 2 - Execution ID 71287,Build Failure
[2667]  Failed to connect to repository: Could not resolve host - Execution ID 85575,Network Failure
[7169]  npm ERR! peerDependencies WARNING - Execution ID 87663,Dependency Error
[7562]  [INFO] Thread-6 executing task Failed to connect to repository: Could not resolve host - Execution ID 41741,Network Failure
[3333]  Connection timed out after 30000 milliseconds - Execution ID 27838,Timeout Failure
[8386]  [INFO] Thread-1 executing task Segmentation fault (core dumped) - Execution ID 64803,Container Crash
[5523]  [INFO] Thread-9 executing task TS2322: Type 'string' is not assignable to type 'number'. - Execution ID 33083,Build Failure
[1863]  [INFO] Thread-7 executing task urllib.error.URLError: <urlopen error [Errno 111] Connection refused> - Execution ID 93281,Network Failure
"[1868]  EACCES: permission denied, open '/var/log/app.log' - Execution ID 49345",Permission Error
[4638]  Cannot read property 'url' of undefined from process.env - Execution ID 31411,Environment Issue
[9797]  [INFO] Thread-7 executing task AccessDeniedException: User is not authorized to perform: iam:PassRole - Execution ID 96556,Permission Error
[2088]  chmod: changing permissions of 'script.sh': Operation not permitted - Execution ID 94577,Permission Error
[7157]  User does not have permission to execute this action - Execution ID 89487,Permission Error
[7650]  [INFO] Thread-10 executing task Configuration Error: Invalid JSON in config.yaml - Execution ID 26829,Environment Issue
[9790]  ECONNREFUSED: Connection refused by 127.0.0.1:5432 - Execution ID 72869,Network Failure
[4124]  Test passed on retry 2 - Execution ID 21999,Flaky Test
"[2180]  [INFO] Thread-8 executing task Randomised test failed, check seed 12345 - Execution ID 62135",Flaky Test
[9277]  [INFO] Thread-4 executing task Test passed on retry 2 - Execution ID 67814,Flaky Test
[5105]  [INFO] Thread-2 executing task Job terminated: Exceeded maximum allowed runtime - Execution ID 42092,Timeout Failure
[8001]  Connection timed out after 30000 milliseconds - Execution ID 47050,Timeout Failure
[8058]  [INFO] Thread-1 executing task Segmentation fault (core dumped) - Execution ID 94581,Container Crash
[5507]  chmod: changing permissions of 'script.sh': Operation not permitted - Execution ID 17290,Permission Error
[6250]  [INFO] Thread-10 executing task AccessDeniedException: User is not authorized to perform: iam:PassRole - Execution ID 35903,Permission Error
"[6217]  EACCES: permission denied, open '/var/log/app.log' - Execution ID 45277",Permission Error
[8721]  [INFO] Thread-4 executing task urllib.error.URLError: <urlopen error [Errno 111] Connection refused> - Execution ID 38186,Network Failure
[7572]  [INFO] Thread-8 executing task Job terminated: Exceeded maximum allowed runtime - Execution ID 68209,Timeout Failure
[6639]  [INFO] Thread-3 executing task Job terminated: Exceeded maximum allowed runtime - Execution ID 32782,Timeout Failure
[3571]  [INFO] Thread-8 executing task Error: expect(received).toBe(expected) - Execution ID 71102,Test Failure
[3170]  [INFO] Thread-1 executing task socket hang up - Execution ID 78801,Network Failure
[9043]  [INFO] Thread-7 executing task SyntaxError: Unexpected token - Execution ID 22203,Build Failure
[7537]  SyntaxError: Unexpected token - Execution ID 24010,Build Failure
[6132]  Could not resolve dependencies for project - Execution ID 15702,Dependency Error
[4855]  Connection timed out after 30000 milliseconds - Execution ID 43489,Timeout Failure
[1561]  [INFO] Thread-2 executing task npm ERR! code ERESOLVE - Execution ID 82193,Dependency Error
[4922]  [INFO] Thread-7 executing task Exception: AWS_REGION is not set - Execution ID 75144,Environment Issue
[3386]  pip: No matching distribution found for numpy==99.9.9 - Execution ID 38471,Dependency Error
[6950]  [INFO] Thread-4 executing task Segmentation fault (core dumped) - Execution ID 64548,Container Crash
[5064]  [INFO] Thread-6 executing task chmod: changing permissions of 'script.sh': Operation not permitted - Execution ID 81630,Permission Error
"[4053]  EACCES: permission denied, open '/var/log/app.log' - Execution ID 63328",Permission Error
[9512]  [INFO] Thread-1 executing task Request timeout while fetching https://api.github.com - Execution ID 69404,Timeout Failure
[4155]  [INFO] Thread-5 executing task Test passed on retry 2 - Execution ID 11719,Flaky Test
"[2949]  [INFO] Thread-6 executing task Error: Timeout of 5000ms exceeded. For async tests and hooks, ensure ""done()"" is called - Execution ID 38695",Timeout Failure
"[4031]  [INFO] Thread-6 executing task Error: Timeout of 5000ms exceeded. For async tests and hooks, ensure ""done()"" is called - Execution ID 37038",Timeout Failure
[4338]  [INFO] Thread-6 executing task OOMKilled: Container exited with code 137 - Execution ID 47486,Container Crash
[9509]  Segmentation fault (core dumped) - Execution ID 74678,Container Crash
[3731]  [INFO] Thread-3 executing task Could not resolve dependencies for project - Execution ID 28517,Dependency Error
[8599]  AccessDeniedException: User is not authorized to perform: iam:PassRole - Execution ID 51979,Permission Error
[3985]  [INFO] Thread-2 executing task Error: Missing environment variable DB_PASSWORD - Execution ID 80202,Environment Issue
[9310]  [INFO] Thread-1 executing task Error: expect(received).toBe(expected) - Execution ID 69367,Test Failure
"[9148]  Randomised test failed, check seed 12345 - Execution ID 84027",Flaky Test
[9708]  [INFO] Thread-5 executing task FAIL src/components/App.test.tsx - Execution ID 43990,Test Failure
[3272]  [INFO] Thread-2 executing task Failed to connect to repository: Could not resolve host - Execution ID 81902,Network Failure
[3219]  [INFO] Thread-5 executing task SyntaxError: Unexpected token - Execution ID 41196,Build Failure
[2033]  User does not have permission to execute this action - Execution ID 78289,Permission Error
[8947]  [INFO] Thread-5 executing task Intermittent failure in test_network_connection - Execution ID 83502,Flaky Test
"[7342]  [INFO] Thread-8 executing task Randomised test failed, check seed 12345 - Execution ID 40700",Flaky Test
[2400]  [INFO] Thread-7 executing task AssertionError: timestamp mismatch (flaky) - Execution ID 77658,Flaky Test
[8844]  AccessDeniedException: User is not authorized to perform: iam:PassRole - Execution ID 44329,Permission Error
[7930]  [INFO] Thread-4 executing task test_user_auth_failed: user is not authenticated - Execution ID 56320,Test Failure
[3069]  Failed to connect to repository: Could not resolve host - Execution ID 16799,Network Failure
[1421]  [INFO] Thread-8 executing task error: expected ';' before '}' token - Execution ID 27481,Build Failure
[1282]  [INFO] Thread-4 executing task pip: No matching distribution found for numpy==99.9.9 - Execution ID 87329,Dependency Error
[3805]  [INFO] Thread-7 executing task Intermittent failure in test_network_connection - Execution ID 83343,Flaky Test
[8699]  Connection timed out after 30000 milliseconds - Execution ID 60355,Timeout Failure
[6100]  Intermittent failure in test_network_connection - Execution ID 84538,Flaky Test
[7209]  [INFO] Thread-6 executing task Intermittent failure in test_network_connection - Execution ID 79949,Flaky Test
[2347]  [INFO] Thread-4 executing task Missing dependency: left-pad is not installed - Execution ID 48123,Dependency Error
[2321]  [INFO] Thread-3 executing task Exception: AWS_REGION is not set - Execution ID 37086,Environment Issue
[2182]  [INFO] Thread-7 executing task AssertionError: timestamp mismatch (flaky) - Execution ID 69530,Flaky Test
[8849]  FileNotFoundError: [Errno 2] No such file or directory: '/etc/config.json' - Execution ID 69155,Environment Issue
[4025]  npm ERR! code ERESOLVE - Execution ID 42786,Dependency Error
"[8747]  [INFO] Thread-8 executing task EACCES: permission denied, open '/var/log/app.log' - Execution ID 63375",Permission Error
[3961]  Error: Missing environment variable DB_PASSWORD - Execution ID 74885,Environment Issue
[3556]  [INFO] Thread-1 executing task AssertionError: timestamp mismatch (flaky) - Execution ID 67965,Flaky Test
[3774]  [INFO] Thread-7 executing task 403 Forbidden: Access denied - Execution ID 98397,Permission Error
[8986]  [INFO] Thread-7 executing task Missing dependency: left-pad is not installed - Execution ID 74675,Dependency Error
[1179]  [INFO] Thread-9 executing task Error: expect(received).toBe(expected) - Execution ID 76318,Test Failure
[1638]  [INFO] Thread-8 executing task OOMKilled: Container exited with code 137 - Execution ID 38544,Container Crash
"[1361]  [INFO] Thread-5 executing task EACCES: permission denied, open '/var/log/app.log' - Execution ID 51016",Permission Error
[6877]  [INFO] Thread-3 executing task SyntaxError: Unexpected token - Execution ID 18913,Build Failure
[3807]  urllib.error.URLError: <urlopen error [Errno 111] Connection refused> - Execution ID 64655,Network Failure
[2273]  [INFO] Thread-6 executing task Missing dependency: left-pad is not installed - Execution ID 74678,Dependency Error
[9574]  [INFO] Thread-3 executing task Connection timed out after 30000 milliseconds - Execution ID 22798,Timeout Failure
[9964]  [INFO] Thread-4 executing task error: ISO C++ forbids comparison between pointer and integer - Execution ID 58028,Build Failure
[8431]  [INFO] Thread-6 executing task Job terminated: Exceeded maximum allowed runtime - Execution ID 48963,Timeout Failure
[3019]  User does not have permission to execute this action - Execution ID 35567,Permission Error
[8785]  Job terminated: Exceeded maximum allowed runtime - Execution ID 89096,Timeout Failure
[6093]  [INFO] Thread-5 executing task Test passed on retry 2 - Execution ID 87002,Flaky Test
[4466]  [INFO] Thread-2 executing task WARN: Test execution time varied by more than 50% - Execution ID 20530,Flaky Test
[5638]  [INFO] Thread-8 executing task error: ISO C++ forbids comparison between pointer and integer - Execution ID 97805,Build Failure
[6933]  SyntaxError: Unexpected token - Execution ID 43335,Build Failure
[8131]  [INFO] Thread-4 executing task Cannot read property 'url' of undefined from process.env - Execution ID 28679,Environment Issue
[7099]  [INFO] Thread-4 executing task ModuleNotFoundError: No module named 'src.utils' - Execution ID 63692,Build Failure
[9128]  [INFO] Thread-8 executing task panic: runtime error: invalid memory address or nil pointer dereference - Execution ID 26851,Container Crash
[9465]  [INFO] Thread-7 executing task User does not have permission to execute this action - Execution ID 64855,Permission Error
[2431]  [INFO] Thread-3 executing task Expected value to equal: 5 Received: 4 - Execution ID 20323,Test Failure
[5772]  Could not resolve dependencies for project - Execution ID 50355,Dependency Error
[9154]  Error: Missing environment variable DB_PASSWORD - Execution ID 25262,Environment Issue
[2083]  Connection timed out after 30000 milliseconds - Execution ID 16136,Timeout Failure
[3154]  Could not resolve dependencies for project - Execution ID 29949,Dependency Error
[8005]  Failed to load resource: net::ERR_NAME_NOT_RESOLVED - Execution ID 75255,Dependency Error
[8920]  Expected value to equal: 5 Received: 4 - Execution ID 84575,Test Failure
[3379]  Expected value to equal: 5 Received: 4 - Execution ID 56516,Test Failure
"[2158]  [INFO] Thread-1 executing task Error: Timeout of 5000ms exceeded. For async tests and hooks, ensure ""done()"" is called - Execution ID 44105",Timeout Failure
[1481]  Cannot read property 'url' of undefined from process.env - Execution ID 40542,Environment Issue
[6131]  TS2322: Type 'string' is not assignable to type 'number'. - Execution ID 48223,Build Failure
[6904]  OOMKilled: Container exited with code 137 - Execution ID 25195,Container Crash
[5961]  [INFO] Thread-5 executing task pip: No matching distribution found for numpy==99.9.9 - Execution ID 87714,Dependency Error
[4463]  ModuleNotFoundError: No module named 'src.utils' - Execution ID 35249,Build Failure
[1376]  [INFO] Thread-6 executing task panic: runtime error: invalid memory address or nil pointer dereference - Execution ID 30325,Container Crash
[4434]  [INFO] Thread-9 executing task npm ERR! code ERESOLVE - Execution ID 76812,Dependency Error
[2627]  AssertionError: expected False to be True - Execution ID 58156,Test Failure
[8635]  Segmentation fault (core dumped) - Execution ID 46522,Container Crash
[6202]  [INFO] Thread-8 executing task npm ERR! code ERESOLVE - Execution ID 97265,Dependency Error
[7625]  docker run failed: container crashed unexpectedly - Execution ID 47649,Container Crash
"[7285]  [INFO] Thread-5 executing task EACCES: permission denied, open '/var/log/app.log' - Execution ID 48435",Permission Error
"[7991]  [INFO] Thread-2 executing task EACCES: permission denied, open '/var/log/app.log' - Execution ID 14979",Permission Error
[9388]  [INFO] Thread-3 executing task Configuration Error: Invalid JSON in config.yaml - Execution ID 57921,Environment Issue
[4005]  [INFO] Thread-4 executing task FAIL src/components/App.test.tsx - Execution ID 53473,Test Failure
[2406]  [INFO] Thread-1 executing task Configuration Error: Invalid JSON in config.yaml - Execution ID 56622,Environment Issue
[4846]  [INFO] Thread-5 executing task TS2322: Type 'string' is not assignable to type 'number'. - Execution ID 93144,Build Failure
[6699]  Segmentation fault (core dumped) - Execution ID 74138,Container Crash
[5509]  [INFO] Thread-2 executing task AssertionError: timestamp mismatch (flaky) - Execution ID 56205,Flaky Test
[3259]  docker run failed: container crashed unexpectedly - Execution ID 76972,Container Crash
[4804]  Intermittent failure in test_network_connection - Execution ID 35575,Flaky Test
[3896]  test_user_auth_failed: user is not authenticated - Execution ID 74589,Test Failure
[8589]  Cannot read property 'url' of undefined from process.env - Execution ID 40226,Environment Issue
[8066]  AssertionError: timestamp mismatch (flaky) - Execution ID 79872,Flaky Test
[7292]  FAIL src/components/App.test.tsx - Execution ID 22333,Test Failure
"[8342]  [INFO] Thread-4 executing task Randomised test failed, check seed 12345 - Execution ID 68268",Flaky Test
[1316]  [INFO] Thread-8 executing task Exception: AWS_REGION is not set - Execution ID 34943,Environment Issue
[8615]  [INFO] Thread-7 executing task FAIL src/components/App.test.tsx - Execution ID 60793,Test Failure
[2018]  ECONNREFUSED: Connection refused by 127.0.0.1:5432 - Execution ID 64916,Network Failure
[4113]  ModuleNotFoundError: No module named 'src.utils' - Execution ID 18658,Build Failure
[4034]  [INFO] Thread-8 executing task Missing dependency: left-pad is not installed - Execution ID 32302,Dependency Error
[7045]  chmod: changing permissions of 'script.sh': Operation not permitted - Execution ID 39976,Permission Error
[9996]  [INFO] Thread-3 executing task ModuleNotFoundError: No module named 'src.utils' - Execution ID 73211,Build Failure
[1794]  [INFO] Thread-6 executing task AssertionError: timestamp mismatch (flaky) - Execution ID 29825,Flaky Test
[1213]  pip: No matching distribution found for numpy==99.9.9 - Execution ID 24093,Dependency Error
[4769]  error: expected ';' before '}' token - Execution ID 13445,Build Failure
[8333]  OOMKilled: Container exited with code 137 - Execution ID 60413,Container Crash
[6039]  [INFO] Thread-5 executing task Job terminated: Exceeded maximum allowed runtime - Execution ID 18252,Timeout Failure
[9541]  [INFO] Thread-4 executing task SyntaxError: Unexpected token - Execution ID 11539,Build Failure
[6123]  [INFO] Thread-4 executing task AssertionError: timestamp mismatch (flaky) - Execution ID 97181,Flaky Test
[9933]  [INFO] Thread-4 executing task ModuleNotFoundError: No module named 'src.utils' - Execution ID 73348,Build Failure
"[6879]  [INFO] Thread-1 executing task Error: Timeout of 5000ms exceeded. For async tests and hooks, ensure ""done()"" is called - Execution ID 69871",Timeout Failure
[8700]  [INFO] Thread-8 executing task Connection timed out after 30000 milliseconds - Execution ID 74951,Timeout Failure
[8918]  Gateway Timeout: 504 - Execution ID 53261,Timeout Failure
[5352]  [INFO] Thread-3 executing task docker run failed: container crashed unexpectedly - Execution ID 29728,Container Crash
"[6455]  [INFO] Thread-4 executing task Error: Timeout of 5000ms exceeded. For async tests and hooks, ensure ""done()"" is called - Execution ID 37571",Timeout Failure
[9019]  SyntaxError: Unexpected token - Execution ID 52650,Build Failure
[2132]  FileNotFoundError: [Errno 2] No such file or directory: '/etc/config.json' - Execution ID 13919,Environment Issue
[3175]  [INFO] Thread-5 executing task User does not have permission to execute this action - Execution ID 48198,Permission Error
[7812]  Test passed on retry 2 - Execution ID 91235,Flaky Test
[8217]  [INFO] Thread-7 executing task pip: No matching distribution found for numpy==99.9.9 - Execution ID 48212,Dependency Error
[1045]  SyntaxError: Unexpected token - Execution ID 66139,Build Failure
"[6532]  Randomised test failed, check seed 12345 - Execution ID 69685",Flaky Test
[5870]  [INFO] Thread-4 executing task test_user_auth_failed: user is not authenticated - Execution ID 77784,Test Failure
[3498]  Error: expect(received).toBe(expected) - Execution ID 26391,Test Failure
[7570]  [INFO] Thread-6 executing task Connection timed out after 30000 milliseconds - Execution ID 10111,Timeout Failure
[3166]  Exception: AWS_REGION is not set - Execution ID 20179,Environment Issue
[9801]  [INFO] Thread-9 executing task ECONNREFUSED: Connection refused by 127.0.0.1:5432 - Execution ID 90716,Network Failure
[8538]  [INFO] Thread-5 executing task WARN: Test execution time varied by more than 50% - Execution ID 34827,Flaky Test
[1651]  [INFO] Thread-6 executing task error: expected ';' before '}' token - Execution ID 37316,Build Failure
[4627]  Failed to connect to repository: Could not resolve host - Execution ID 48197,Network Failure
[2564]  [INFO] Thread-8 executing task urllib.error.URLError: <urlopen error [Errno 111] Connection refused> - Execution ID 83640,Network Failure
[5582]  [INFO] Thread-9 executing task ModuleNotFoundError: No module named 'src.utils' - Execution ID 71971,Build Failure
[4001]  TS2322: Type 'string' is not assignable to type 'number'. - Execution ID 20196,Build Failure
[8273]  [INFO] Thread-3 executing task OOMKilled: Container exited with code 137 - Execution ID 33588,Container Crash
[2084]  AssertionError: expected False to be True - Execution ID 98499,Test Failure
[4115]  [INFO] Thread-6 executing task error: expected ';' before '}' token - Execution ID 19139,Build Failure
[5696]  [INFO] Thread-5 executing task Error response from daemon: container cannot be started - Execution ID 97954,Container Crash
[3615]  error: ISO C++ forbids comparison between pointer and integer - Execution ID 82026,Build Failure
"[5537]  [INFO] Thread-10 executing task Error: Timeout of 5000ms exceeded. For async tests and hooks, ensure ""done()"" is called - Execution ID 47898",Timeout Failure
[8097]  [INFO] Thread-8 executing task Error: expect(received).toBe(expected) - Execution ID 46811,Test Failure
[2332]  [INFO] Thread-9 executing task Gateway Timeout: 504 - Execution ID 33338,Timeout Failure
[7910]  [INFO] Thread-2 executing task Cannot read property 'url' of undefined from process.env - Execution ID 26201,Environment Issue
[4239]  [INFO] Thread-6 executing task socket hang up - Execution ID 65271,Network Failure
[1765]  Test passed on retry 2 - Execution ID 25794,Flaky Test
[4412]  Request timeout while fetching https://api.github.com - Execution ID 20765,Timeout Failure
"[3711]  [INFO] Thread-8 executing task Error: Timeout of 5000ms exceeded. For async tests and hooks, ensure ""done()"" is called - Execution ID 10350",Timeout Failure
[3955]  [INFO] Thread-9 executing task Could not resolve dependencies for project - Execution ID 43444,Dependency Error
[6435]  socket hang up - Execution ID 22862,Network Failure
[9154]  Segmentation fault (core dumped) - Execution ID 87685,Container Crash
[1221]  SyntaxError: Unexpected token - Execution ID 33044,Build Failure
[6900]  test_user_auth_failed: user is not authenticated - Execution ID 16751,Test Failure
[3061]  SyntaxError: Unexpected token - Execution ID 92001,Build Failure
[7035]  [INFO] Thread-6 executing task TS2322: Type 'string' is not assignable to type 'number'. - Execution ID 30299,Build Failure
[5164]  AssertionError: expected False to be True - Execution ID 45162,Test Failure
[4740]  Error response from daemon: container cannot be started - Execution ID 35218,Container Crash
[6076]  [INFO] Thread-1 executing task panic: runtime error: invalid memory address or nil pointer dereference - Execution ID 80175,Container Crash
[5506]  AccessDeniedException: User is not authorized to perform: iam:PassRole - Execution ID 34472,Permission Error
[1724]  [INFO] Thread-3 executing task SyntaxError: Unexpected token - Execution ID 72934,Build Failure
[5380]  [INFO] Thread-4 executing task ModuleNotFoundError: No module named 'src.utils' - Execution ID 42864,Build Failure
[6652]  [INFO] Thread-8 executing task chmod: changing permissions of 'script.sh': Operation not permitted - Execution ID 28201,Permission Error
[7445]  [INFO] Thread-7 executing task Error: expect(received).toBe(expected) - Execution ID 88853,Test Failure
[9905]  [INFO] Thread-5 executing task npm ERR! code ERESOLVE - Execution ID 14149,Dependency Error
[6790]  [INFO] Thread-1 executing task ModuleNotFoundError: No module named 'src.utils' - Execution ID 15250,Build Failure
[2099]  [INFO] Thread-9 executing task Failed to connect to repository: Could not resolve host - Execution ID 32568,Network Failure
[6989]  [INFO] Thread-5 executing task socket hang up - Execution ID 63956,Network Failure
[8302]  Could not resolve dependencies for project - Execution ID 21311,Dependency Error
[5370]  Test passed on retry 2 - Execution ID 21064,Flaky Test
"[8610]  Error: Timeout of 5000ms exceeded. For async tests and hooks, ensure ""done()"" is called - Execution ID 37680",Timeout Failure
[4670]  Network is unreachable - Execution ID 82725,Network Failure
[5263]  [INFO] Thread-2 executing task ModuleNotFoundError: No module named 'src.utils' - Execution ID 40963,Build Failure
[7845]  [INFO] Thread-10 executing task Error: Missing environment variable DB_PASSWORD - Execution ID 72958,Environment Issue
[6763]  [INFO] Thread-8 executing task ModuleNotFoundError: No module named 'src.utils' - Execution ID 25873,Build Failure
[5407]  [INFO] Thread-7 executing task Could not resolve dependencies for project - Execution ID 43015,Dependency Error
[4731]  [INFO] Thread-10 executing task Gateway Timeout: 504 - Execution ID 17470,Timeout Failure
[4292]  Exception: AWS_REGION is not set - Execution ID 79704,Environment Issue
[3521]  [INFO] Thread-5 executing task FileNotFoundError: [Errno 2] No such file or directory: '/etc/config.json' - Execution ID 93440,Environment Issue
[9678]  FAIL src/components/App.test.tsx - Execution ID 38171,Test Failure
[7375]  Intermittent failure in test_network_connection - Execution ID 53636,Flaky Test
[2949]  [INFO] Thread-3 executing task test_user_auth_failed: user is not authenticated - Execution ID 69672,Test Failure
[7408]  Expected value to equal: 5 Received: 4 - Execution ID 85891,Test Failure
[4919]  [INFO] Thread-6 executing task npm ERR! peerDependencies WARNING - Execution ID 52495,Dependency Error
"[6913]  [INFO] Thread-7 executing task EACCES: permission denied, open '/var/log/app.log' - Execution ID 75521",Permission Error
"[5010]  EACCES: permission denied, open '/var/log/app.log' - Execution ID 17080",Permission Error
[6069]  [INFO] Thread-6 executing task OOMKilled: Container exited with code 137 - Execution ID 86525,Container Crash
[4480]  403 Forbidden: Access denied - Execution ID 61481,Permission Error
[2418]  AccessDeniedException: User is not authorized to perform: iam:PassRole - Execution ID 84826,Permission Error
[1266]  [INFO] Thread-4 executing task WARN: Test execution time varied by more than 50% - Execution ID 29219,Flaky Test
[9267]  Missing dependency: left-pad is not installed - Execution ID 53837,Dependency Error
[3826]  Expected value to equal: 5 Received: 4 - Execution ID 57349,Test Failure
[7363]  [INFO] Thread-5 executing task error: expected ';' before '}' token - Execution ID 53612,Build Failure
[9841]  AssertionError: timestamp mismatch (flaky) - Execution ID 41687,Flaky Test
[1395]  [INFO] Thread-7 executing task WARN: Test execution time varied by more than 50% - Execution ID 24701,Flaky Test
"[9440]  [INFO] Thread-1 executing task EACCES: permission denied, open '/var/log/app.log' - Execution ID 25491",Permission Error
[2425]  error: expected ';' before '}' token - Execution ID 88908,Build Failure
[1741]  [INFO] Thread-6 executing task npm ERR! code ERESOLVE - Execution ID 66183,Dependency Error
[8468]  Connection timed out after 30000 milliseconds - Execution ID 61429,Timeout Failure
[9203]  [INFO] Thread-10 executing task 403 Forbidden: Access denied - Execution ID 54176,Permission Error
[3189]  docker run failed: container crashed unexpectedly - Execution ID 83777,Container Crash
[8621]  socket hang up - Execution ID 18585,Network Failure
[1534]  [INFO] Thread-7 executing task make: *** [all] Error 2 - Execution ID 87589,Build Failure
[3075]  [INFO] Thread-7 executing task Job terminated: Exceeded maximum allowed runtime - Execution ID 99763,Timeout Failure
[3260]  [INFO] Thread-5 executing task WARN: Test execution time varied by more than 50% - Execution ID 43453,Flaky Test
"[9724]  [INFO] Thread-3 executing task Randomised test failed, check seed 12345 - Execution ID 40038",Flaky Test
[4999]  [INFO] Thread-2 executing task Expected value to equal: 5 Received: 4 - Execution ID 26069,Test Failure
[7416]  [INFO] Thread-7 executing task Exception: AWS_REGION is not set - Execution ID 41525,Environment Issue
[9345]  Test passed on retry 2 - Execution ID 34989,Flaky Test
[5672]  AccessDeniedException: User is not authorized to perform: iam:PassRole - Execution ID 83023,Permission Error
[2516]  AssertionError: expected False to be True - Execution ID 39974,Test Failure
[2234]  Job terminated: Exceeded maximum allowed runtime - Execution ID 11635,Timeout Failure
[2436]  [INFO] Thread-4 executing task Request timeout while fetching https://api.github.com - Execution ID 92067,Timeout Failure
[7524]  docker run failed: container crashed unexpectedly - Execution ID 36789,Container Crash
[6264]  Cannot read property 'url' of undefined from process.env - Execution ID 98020,Environment Issue
[5772]  [INFO] Thread-3 executing task AssertionError: expected False to be True - Execution ID 15512,Test Failure
[4558]  [INFO] Thread-1 executing task Missing dependency: left-pad is not installed - Execution ID 55005,Dependency Error
[5586]  [INFO] Thread-10 executing task Job terminated: Exceeded maximum allowed runtime - Execution ID 35623,Timeout Failure
[9451]  [INFO] Thread-2 executing task pip: No matching distribution found for numpy==99.9.9 - Execution ID 38429,Dependency Error
[8068]  Connection timed out after 30000 milliseconds - Execution ID 22823,Timeout Failure
[7803]  Exception: AWS_REGION is not set - Execution ID 47380,Environment Issue
[1726]  [INFO] Thread-6 executing task Failed to load resource: net::ERR_NAME_NOT_RESOLVED - Execution ID 15911,Dependency Error
[4293]  [INFO] Thread-6 executing task docker run failed: container crashed unexpectedly - Execution ID 18820,Container Crash
[4584]  [INFO] Thread-10 executing task SyntaxError: Unexpected token - Execution ID 13600,Build Failure
[4676]  [INFO] Thread-7 executing task User does not have permission to execute this action - Execution ID 43639,Permission Error
[7625]  Failed to connect to repository: Could not resolve host - Execution ID 21877,Network Failure
[4168]  [INFO] Thread-10 executing task OOMKilled: Container exited with code 137 - Execution ID 84259,Container Crash
[2025]  [INFO] Thread-10 executing task 403 Forbidden: Access denied - Execution ID 34849,Permission Error
[3516]  [INFO] Thread-10 executing task test_user_auth_failed: user is not authenticated - Execution ID 15200,Test Failure
[8418]  [INFO] Thread-7 executing task make: *** [all] Error 2 - Execution ID 26491,Build Failure
[7445]  WARN: Test execution time varied by more than 50% - Execution ID 54751,Flaky Test
[1127]  [INFO] Thread-9 executing task npm ERR! code ERESOLVE - Execution ID 47264,Dependency Error
[5520]  ModuleNotFoundError: No module named 'src.utils' - Execution ID 11605,Build Failure
[8590]  [INFO] Thread-5 executing task Request timeout while fetching https://api.github.com - Execution ID 27331,Timeout Failure
[9095]  [INFO] Thread-6 executing task User does not have permission to execute this action - Execution ID 64422,Permission Error
[7087]  [INFO] Thread-10 executing task WARN: Test execution time varied by more than 50% - Execution ID 34839,Flaky Test
[1139]  [INFO] Thread-6 executing task Configuration Error: Invalid JSON in config.yaml - Execution ID 60803,Environment Issue
[3976]  [INFO] Thread-9 executing task test_user_auth_failed: user is not authenticated - Execution ID 86814,Test Failure
[2797]  ECONNREFUSED: Connection refused by 127.0.0.1:5432 - Execution ID 62227,Network Failure
[2604]  [INFO] Thread-5 executing task npm ERR! code ERESOLVE - Execution ID 12705,Dependency Error
[8697]  OOMKilled: Container exited with code 137 - Execution ID 22072,Container Crash
[1814]  [INFO] Thread-6 executing task FileNotFoundError: [Errno 2] No such file or directory: '/etc/config.json' - Execution ID 20810,Environment Issue
[5609]  test_user_auth_failed: user is not authenticated - Execution ID 22274,Test Failure
[8036]  Missing dependency: left-pad is not installed - Execution ID 35691,Dependency Error
[5657]  [INFO] Thread-1 executing task Connection timed out after 30000 milliseconds - Execution ID 19073,Timeout Failure
[8706]  [INFO] Thread-9 executing task error: ISO C++ forbids comparison between pointer and integer - Execution ID 27184,Build Failure
[8481]  AccessDeniedException: User is not authorized to perform: iam:PassRole - Execution ID 79884,Permission Error
[3473]  npm ERR! code ERESOLVE - Execution ID 84339,Dependency Error
[9829]  [INFO] Thread-9 executing task 403 Forbidden: Access denied - Execution ID 42417,Permission Error
[4426]  AccessDeniedException: User is not authorized to perform: iam:PassRole - Execution ID 20518,Permission Error
[1651]  Network is unreachable - Execution ID 57365,Network Failure
[4470]  Error response from daemon: container cannot be started - Execution ID 78841,Container Crash
[8856]  [INFO] Thread-8 executing task WARN: Test execution time varied by more than 50% - Execution ID 11983,Flaky Test
[7904]  socket hang up - Execution ID 92127,Network Failure
[3270]  [INFO] Thread-5 executing task Network is unreachable - Execution ID 59237,Network Failure
"[7280]  Error: Timeout of 5000ms exceeded. For async tests and hooks, ensure ""done()"" is called - Execution ID 36121",Timeout Failure
[2045]  TS2322: Type 'string' is not assignable to type 'number'. - Execution ID 94693,Build Failure
[5109]  [INFO] Thread-4 executing task urllib.error.URLError: <urlopen error [Errno 111] Connection refused> - Execution ID 22416,Network Failure
[5108]  [INFO] Thread-6 executing task ModuleNotFoundError: No module named 'src.utils' - Execution ID 41450,Build Failure
[8089]  AccessDeniedException: User is not authorized to perform: iam:PassRole - Execution ID 82994,Permission Error
[4707]  SyntaxError: Unexpected token - Execution ID 28948,Build Failure
[7441]  [INFO] Thread-8 executing task make: *** [all] Error 2 - Execution ID 32925,Build Failure
[6686]  Could not resolve dependencies for project - Execution ID 27750,Dependency Error
[9706]  [INFO] Thread-5 executing task pip: No matching distribution found for numpy==99.9.9 - Execution ID 81403,Dependency Error
[1568]  [INFO] Thread-8 executing task SyntaxError: Unexpected token - Execution ID 10134,Build Failure
[3228]  [INFO] Thread-4 executing task Exception: AWS_REGION is not set - Execution ID 67148,Environment Issue
[1147]  Failed to load resource: net::ERR_NAME_NOT_RESOLVED - Execution ID 54106,Dependency Error
[6812]  [INFO] Thread-5 executing task npm ERR! peerDependencies WARNING - Execution ID 54752,Dependency Error
[5078]  [INFO] Thread-10 executing task make: *** [all] Error 2 - Execution ID 37269,Build Failure
[2018]  [INFO] Thread-4 executing task make: *** [all] Error 2 - Execution ID 76322,Build Failure
[7530]  [INFO] Thread-9 executing task panic: runtime error: invalid memory address or nil pointer dereference - Execution ID 23730,Container Crash
[1463]  [INFO] Thread-4 executing task ECONNREFUSED: Connection refused by 127.0.0.1:5432 - Execution ID 31056,Network Failure
[7873]  403 Forbidden: Access denied - Execution ID 68632,Permission Error
[7256]  Error: Missing environment variable DB_PASSWORD - Execution ID 24527,Environment Issue
[6756]  [INFO] Thread-9 executing task Test passed on retry 2 - Execution ID 26815,Flaky Test
[5319]  [INFO] Thread-5 executing task 403 Forbidden: Access denied - Execution ID 94948,Permission Error
"[9828]  [INFO] Thread-7 executing task Error: Timeout of 5000ms exceeded. For async tests and hooks, ensure ""done()"" is called - Execution ID 18843",Timeout Failure
[7276]  [INFO] Thread-8 executing task Network is unreachable - Execution ID 88129,Network Failure
[1947]  npm ERR! code ERESOLVE - Execution ID 95195,Dependency Error
[4294]  Request timeout while fetching https://api.github.com - Execution ID 66651,Timeout Failure
[6084]  ModuleNotFoundError: No module named 'src.utils' - Execution ID 31411,Build Failure
[6056]  Connection timed out after 30000 milliseconds - Execution ID 43588,Timeout Failure
[6935]  test_user_auth_failed: user is not authenticated - Execution ID 19593,Test Failure
[5656]  Error: expect(received).toBe(expected) - Execution ID 18419,Test Failure
[3107]  [INFO] Thread-8 executing task Test passed on retry 2 - Execution ID 45892,Flaky Test
[5610]  [INFO] Thread-3 executing task npm ERR! peerDependencies WARNING - Execution ID 28442,Dependency Error
[1024]  Test passed on retry 2 - Execution ID 91859,Flaky Test
[9472]  Exception: AWS_REGION is not set - Execution ID 91127,Environment Issue
[4024]  test_user_auth_failed: user is not authenticated - Execution ID 17220,Test Failure
[7669]  Error: Missing environment variable DB_PASSWORD - Execution ID 13469,Environment Issue
[2080]  [INFO] Thread-8 executing task Error: Missing environment variable DB_PASSWORD - Execution ID 54456,Environment Issue
[6345]  [INFO] Thread-2 executing task OOMKilled: Container exited with code 137 - Execution ID 71443,Container Crash
[7183]  [INFO] Thread-6 executing task Intermittent failure in test_network_connection - Execution ID 13907,Flaky Test
[2879]  [INFO] Thread-4 executing task TS2322: Type 'string' is not assignable to type 'number'. - Execution ID 67371,Build Failure
[7807]  [INFO] Thread-6 executing task Error response from daemon: container cannot be started - Execution ID 17387,Container Crash
"[9218]  [INFO] Thread-9 executing task Error: Timeout of 5000ms exceeded. For async tests and hooks, ensure ""done()"" is called - Execution ID 45410",Timeout Failure
[5740]  make: *** [all] Error 2 - Execution ID 63081,Build Failure
[6095]  [INFO] Thread-5 executing task User does not have permission to execute this action - Execution ID 13600,Permission Error
[1920]  FAIL src/components/App.test.tsx - Execution ID 53261,Test Failure
[1509]  chmod: changing permissions of 'script.sh': Operation not permitted - Execution ID 64204,Permission Error
[3245]  [INFO] Thread-6 executing task Segmentation fault (core dumped) - Execution ID 86956,Container Crash
[1918]  [INFO] Thread-10 executing task Error response from daemon: container cannot be started - Execution ID 30391,Container Crash
[3281]  [INFO] Thread-6 executing task WARN: Test execution time varied by more than 50% - Execution ID 54345,Flaky Test
[3941]  Exception: AWS_REGION is not set - Execution ID 53829,Environment Issue
[4228]  [INFO] Thread-1 executing task Error: Missing environment variable DB_PASSWORD - Execution ID 28317,Environment Issue
[1889]  [INFO] Thread-7 executing task make: *** [all] Error 2 - Execution ID 89489,Build Failure
[9537]  TS2322: Type 'string' is not assignable to type 'number'. - Execution ID 75473,Build Failure
[4880]  npm ERR! peerDependencies WARNING - Execution ID 51976,Dependency Error
[6294]  Intermittent failure in test_network_connection - Execution ID 53840,Flaky Test
[9517]  [INFO] Thread-3 executing task pip: No matching distribution found for numpy==99.9.9 - Execution ID 65353,Dependency Error
[9337]  [INFO] Thread-2 executing task urllib.error.URLError: <urlopen error [Errno 111] Connection refused> - Execution ID 59447,Network Failure
[6981]  Network is unreachable - Execution ID 21791,Network Failure
[4435]  ModuleNotFoundError: No module named 'src.utils' - Execution ID 98620,Build Failure
[2662]  [INFO] Thread-2 executing task docker run failed: container crashed unexpectedly - Execution ID 44293,Container Crash
[3031]  [INFO] Thread-7 executing task urllib.error.URLError: <urlopen error [Errno 111] Connection refused> - Execution ID 11912,Network Failure
[4043]  Expected value to equal: 5 Received: 4 - Execution ID 46389,Test Failure
[7884]  [INFO] Thread-1 executing task urllib.error.URLError: <urlopen error [Errno 111] Connection refused> - Execution ID 96287,Network Failure
"[9897]  [INFO] Thread-6 executing task Error: Timeout of 5000ms exceeded. For async tests and hooks, ensure ""done()"" is called - Execution ID 10998",Timeout Failure
[3989]  pip: No matching distribution found for numpy==99.9.9 - Execution ID 11491,Dependency Error
[9607]  Error: expect(received).toBe(expected) - Execution ID 21809,Test Failure
[1420]  TS2322: Type 'string' is not assignable to type 'number'. - Execution ID 82366,Build Failure
[8491]  Failed to load resource: net::ERR_NAME_NOT_RESOLVED - Execution ID 14038,Dependency Error
"[5692]  Error: Timeout of 5000ms exceeded. For async tests and hooks, ensure ""done()"" is called - Execution ID 16641",Timeout Failure
[6570]  [INFO] Thread-6 executing task SyntaxError: Unexpected token - Execution ID 37969,Build Failure
[6167]  [INFO] Thread-8 executing task FAIL src/components/App.test.tsx - Execution ID 42190,Test Failure
[2213]  [INFO] Thread-4 executing task make: *** [all] Error 2 - Execution ID 28467,Build Failure
[9803]  [INFO] Thread-8 executing task Connection timed out after 30000 milliseconds - Execution ID 99367,Timeout Failure
[6671]  [INFO] Thread-6 executing task FileNotFoundError: [Errno 2] No such file or directory: '/etc/config.json' - Execution ID 34229,Environment Issue
[8502]  AccessDeniedException: User is not authorized to perform: iam:PassRole - Execution ID 31367,Permission Error
[3985]  error: ISO C++ forbids comparison between pointer and integer - Execution ID 74944,Build Failure
[3400]  docker run failed: container crashed unexpectedly - Execution ID 33860,Container Crash
"[7176]  [INFO] Thread-2 executing task Error: Timeout of 5000ms exceeded. For async tests and hooks, ensure ""done()"" is called - Execution ID 60872",Timeout Failure
[2333]  [INFO] Thread-9 executing task error: expected ';' before '}' token - Execution ID 85244,Build Failure
[6592]  [INFO] Thread-1 executing task Exception: AWS_REGION is not set - Execution ID 39149,Environment Issue
[5696]  [INFO] Thread-9 executing task AssertionError: timestamp mismatch (flaky) - Execution ID 45920,Flaky Test
[4275]  ModuleNotFoundError: No module named 'src.utils' - Execution ID 30350,Build Failure
[4547]  [INFO] Thread-3 executing task Test passed on retry 2 - Execution ID 74903,Flaky Test
[9901]  [INFO] Thread-9 executing task FAIL src/components/App.test.tsx - Execution ID 37261,Test Failure
[2196]  Error response from daemon: container cannot be started - Execution ID 19442,Container Crash
"[4377]  [INFO] Thread-3 executing task Error: Timeout of 5000ms exceeded. For async tests and hooks, ensure ""done()"" is called - Execution ID 46984",Timeout Failure
[9658]  [INFO] Thread-1 executing task Network is unreachable - Execution ID 90475,Network Failure
[2682]  [INFO] Thread-10 executing task FileNotFoundError: [Errno 2] No such file or directory: '/etc/config.json' - Execution ID 18221,Environment Issue
[8573]  Error: Missing environment variable DB_PASSWORD - Execution ID 72468,Environment Issue
[7607]  [INFO] Thread-1 executing task SyntaxError: Unexpected token - Execution ID 70346,Build Failure
[4358]  [INFO] Thread-8 executing task Exception: AWS_REGION is not set - Execution ID 96397,Environment Issue
[8650]  [INFO] Thread-4 executing task make: *** [all] Error 2 - Execution ID 86223,Build Failure
[3006]  [INFO] Thread-2 executing task FAIL src/components/App.test.tsx - Execution ID 17213,Test Failure
[8805]  FAIL src/components/App.test.tsx - Execution ID 45844,Test Failure
[6267]  [INFO] Thread-7 executing task pip: No matching distribution found for numpy==99.9.9 - Execution ID 55074,Dependency Error
[7047]  [INFO] Thread-2 executing task ModuleNotFoundError: No module named 'src.utils' - Execution ID 82146,Build Failure
[1327]  [INFO] Thread-3 executing task Job terminated: Exceeded maximum allowed runtime - Execution ID 22609,Timeout Failure
"[5919]  Randomised test failed, check seed 12345 - Execution ID 38104",Flaky Test
[5948]  panic: runtime error: invalid memory address or nil pointer dereference - Execution ID 72775,Container Crash
[7224]  [INFO] Thread-6 executing task urllib.error.URLError: <urlopen error [Errno 111] Connection refused> - Execution ID 63187,Network Failure
[2919]  error: expected ';' before '}' token - Execution ID 63041,Build Failure
[1295]  urllib.error.URLError: <urlopen error [Errno 111] Connection refused> - Execution ID 52156,Network Failure
[1701]  [INFO] Thread-6 executing task Expected value to equal: 5 Received: 4 - Execution ID 46161,Test Failure
[8720]  Failed to connect to repository: Could not resolve host - Execution ID 92742,Network Failure
[7839]  [INFO] Thread-6 executing task make: *** [all] Error 2 - Execution ID 52816,Build Failure
[4622]  [INFO] Thread-7 executing task TS2322: Type 'string' is not assignable to type 'number'. - Execution ID 98116,Build Failure
[7084]  FAIL src/components/App.test.tsx - Execution ID 19713,Test Failure
[8310]  [INFO] Thread-2 executing task Request timeout while fetching https://api.github.com - Execution ID 80575,Timeout Failure
[1934]  FAIL src/components/App.test.tsx - Execution ID 19584,Test Failure
[4386]  [INFO] Thread-2 executing task Error response from daemon: container cannot be started - Execution ID 96340,Container Crash
[4871]  [INFO] Thread-4 executing task urllib.error.URLError: <urlopen error [Errno 111] Connection refused> - Execution ID 25009,Network Failure
[5777]  urllib.error.URLError: <urlopen error [Errno 111] Connection refused> - Execution ID 61898,Network Failure
[8288]  [INFO] Thread-3 executing task Error: expect(received).toBe(expected) - Execution ID 73357,Test Failure
[5458]  ECONNREFUSED: Connection refused by 127.0.0.1:5432 - Execution ID 71272,Network Failure
[9066]  ModuleNotFoundError: No module named 'src.utils' - Execution ID 35185,Build Failure
[7203]  [INFO] Thread-2 executing task Expected value to equal: 5 Received: 4 - Execution ID 46077,Test Failure
"[3349]  EACCES: permission denied, open '/var/log/app.log' - Execution ID 49425",Permission Error
[3288]  Failed to connect to repository: Could not resolve host - Execution ID 41334,Network Failure
"[2987]  [INFO] Thread-10 executing task EACCES: permission denied, open '/var/log/app.log' - Execution ID 30696",Permission Error
[8228]  [INFO] Thread-9 executing task urllib.error.URLError: <urlopen error [Errno 111] Connection refused> - Execution ID 35462,Network Failure
[1059]  Test passed on retry 2 - Execution ID 83448,Flaky Test
[9717]  [INFO] Thread-2 executing task Segmentation fault (core dumped) - Execution ID 72789,Container Crash
[3997]  TS2322: Type 'string' is not assignable to type 'number'. - Execution ID 26625,Build Failure
[4178]  OOMKilled: Container exited with code 137 - Execution ID 27193,Container Crash
[4131]  [INFO] Thread-1 executing task Test passed on retry 2 - Execution ID 64770,Flaky Test
[6491]  npm ERR! peerDependencies WARNING - Execution ID 66413,Dependency Error
[5709]  [INFO] Thread-10 executing task ModuleNotFoundError: No module named 'src.utils' - Execution ID 71852,Build Failure
[1079]  [INFO] Thread-4 executing task error: ISO C++ forbids comparison between pointer and integer - Execution ID 23840,Build Failure
[5572]  Failed to connect to repository: Could not resolve host - Execution ID 36873,Network Failure
[7530]  [INFO] Thread-7 executing task socket hang up - Execution ID 13013,Network Failure
"[8870]  EACCES: permission denied, open '/var/log/app.log' - Execution ID 27094",Permission Error
[6980]  OOMKilled: Container exited with code 137 - Execution ID 91129,Container Crash
[8210]  Could not resolve dependencies for project - Execution ID 99468,Dependency Error
[6798]  [INFO] Thread-3 executing task docker run failed: container crashed unexpectedly - Execution ID 32674,Container Crash
[4163]  Expected value to equal: 5 Received: 4 - Execution ID 29659,Test Failure
[2160]  FileNotFoundError: [Errno 2] No such file or directory: '/etc/config.json' - Execution ID 92818,Environment Issue
[7572]  WARN: Test execution time varied by more than 50% - Execution ID 11577,Flaky Test
[5458]  ModuleNotFoundError: No module named 'src.utils' - Execution ID 88816,Build Failure
[5628]  Network is unreachable - Execution ID 56099,Network Failure
[7050]  Could not resolve dependencies for project - Execution ID 94231,Dependency Error
[4264]  Could not resolve dependencies for project - Execution ID 26502,Dependency Error
[6030]  Missing dependency: left-pad is not installed - Execution ID 79793,Dependency Error
[6846]  [INFO] Thread-9 executing task Test passed on retry 2 - Execution ID 89230,Flaky Test
[1389]  [INFO] Thread-4 executing task AccessDeniedException: User is not authorized to perform: iam:PassRole - Execution ID 61039,Permission Error
[2998]  AssertionError: timestamp mismatch (flaky) - Execution ID 14596,Flaky Test
[1567]  [INFO] Thread-7 executing task chmod: changing permissions of 'script.sh': Operation not permitted - Execution ID 22636,Permission Error
[3153]  OOMKilled: Container exited with code 137 - Execution ID 35148,Container Crash
[4801]  Error response from daemon: container cannot be started - Execution ID 64345,Container Crash
[8938]  [INFO] Thread-3 executing task Test passed on retry 2 - Execution ID 16496,Flaky Test
[4185]  [INFO] Thread-7 executing task OOMKilled: Container exited with code 137 - Execution ID 54677,Container Crash
[3071]  [INFO] Thread-7 executing task WARN: Test execution time varied by more than 50% - Execution ID 71189,Flaky Test
[6374]  [INFO] Thread-1 executing task ECONNREFUSED: Connection refused by 127.0.0.1:5432 - Execution ID 85900,Network Failure
[6711]  [INFO] Thread-8 executing task Error: expect(received).toBe(expected) - Execution ID 69888,Test Failure
[4907]  [INFO] Thread-6 executing task Error: Missing environment variable DB_PASSWORD - Execution ID 55633,Environment Issue
[5110]  [INFO] Thread-1 executing task Failed to connect to repository: Could not resolve host - Execution ID 45221,Network Failure
[3284]  Test passed on retry 2 - Execution ID 53346,Flaky Test
[2351]  [INFO] Thread-9 executing task error: expected ';' before '}' token - Execution ID 92144,Build Failure
[6206]  [INFO] Thread-2 executing task 403 Forbidden: Access denied - Execution ID 86461,Permission Error
[7394]  Failed to connect to repository: Could not resolve host - Execution ID 24601,Network Failure
[5375]  AccessDeniedException: User is not authorized to perform: iam:PassRole - Execution ID 94357,Permission Error
[7673]  Expected value to equal: 5 Received: 4 - Execution ID 79851,Test Failure
[7765]  [INFO] Thread-9 executing task error: ISO C++ forbids comparison between pointer and integer - Execution ID 19814,Build Failure
[9322]  Could not resolve dependencies for project - Execution ID 32893,Dependency Error
[2183]  [INFO] Thread-10 executing task User does not have permission to execute this action - Execution ID 72477,Permission Error
[9785]  error: expected ';' before '}' token - Execution ID 80224,Build Failure
[4893]  [INFO] Thread-5 executing task SyntaxError: Unexpected token - Execution ID 15066,Build Failure
[9043]  [INFO] Thread-1 executing task Job terminated: Exceeded maximum allowed runtime - Execution ID 17160,Timeout Failure
[6017]  [INFO] Thread-3 executing task WARN: Test execution time varied by more than 50% - Execution ID 17278,Flaky Test
[4767]  [INFO] Thread-3 executing task error: expected ';' before '}' token - Execution ID 60994,Build Failure
[1295]  [INFO] Thread-5 executing task User does not have permission to execute this action - Execution ID 68182,Permission Error
[5360]  npm ERR! peerDependencies WARNING - Execution ID 21784,Dependency Error
[6470]  [INFO] Thread-10 executing task Connection timed out after 30000 milliseconds - Execution ID 84860,Timeout Failure
[5183]  WARN: Test execution time varied by more than 50% - Execution ID 14769,Flaky Test
[6394]  FAIL src/components/App.test.tsx - Execution ID 78593,Test Failure
[1643]  [INFO] Thread-6 executing task docker run failed: container crashed unexpectedly - Execution ID 54805,Container Crash
[3712]  Error: expect(received).toBe(expected) - Execution ID 49026,Test Failure
[5010]  [INFO] Thread-6 executing task urllib.error.URLError: <urlopen error [Errno 111] Connection refused> - Execution ID 21683,Network Failure
[6453]  Connection timed out after 30000 milliseconds - Execution ID 46999,Timeout Failure
"[9565]  [INFO] Thread-7 executing task Error: Timeout of 5000ms exceeded. For async tests and hooks, ensure ""done()"" is called - Execution ID 69698",Timeout Failure
[8332]  [INFO] Thread-9 executing task urllib.error.URLError: <urlopen error [Errno 111] Connection refused> - Execution ID 19576,Network Failure
[6857]  [INFO] Thread-9 executing task chmod: changing permissions of 'script.sh': Operation not permitted - Execution ID 86669,Permission Error
[3279]  [INFO] Thread-3 executing task docker run failed: container crashed unexpectedly - Execution ID 76093,Container Crash
[5453]  panic: runtime error: invalid memory address or nil pointer dereference - Execution ID 69946,Container Crash
[4704]  [INFO] Thread-5 executing task SyntaxError: Unexpected token - Execution ID 61713,Build Failure
[6102]  403 Forbidden: Access denied - Execution ID 32480,Permission Error
[5003]  panic: runtime error: invalid memory address or nil pointer dereference - Execution ID 65032,Container Crash
[7567]  error: ISO C++ forbids comparison between pointer and integer - Execution ID 44245,Build Failure
[7755]  [INFO] Thread-6 executing task FAIL src/components/App.test.tsx - Execution ID 86709,Test Failure
[2501]  Cannot read property 'url' of undefined from process.env - Execution ID 50162,Environment Issue
[3870]  [INFO] Thread-7 executing task urllib.error.URLError: <urlopen error [Errno 111] Connection refused> - Execution ID 17525,Network Failure
[8526]  [INFO] Thread-10 executing task Error response from daemon: container cannot be started - Execution ID 29563,Container Crash
[7210]  socket hang up - Execution ID 22628,Network Failure
[7922]  [INFO] Thread-7 executing task npm ERR! peerDependencies WARNING - Execution ID 73794,Dependency Error
[6029]  urllib.error.URLError: <urlopen error [Errno 111] Connection refused> - Execution ID 12234,Network Failure
[7417]  [INFO] Thread-4 executing task TS2322: Type 'string' is not assignable to type 'number'. - Execution ID 35741,Build Failure
[2433]  [INFO] Thread-3 executing task ModuleNotFoundError: No module named 'src.utils' - Execution ID 77669,Build Failure
[9120]  Request timeout while fetching https://api.github.com - Execution ID 74269,Timeout Failure
[5540]  [INFO] Thread-1 executing task npm ERR! code ERESOLVE - Execution ID 40067,Dependency Error
[4271]  AssertionError: timestamp mismatch (flaky) - Execution ID 64234,Flaky Test
[8720]  Exception: AWS_REGION is not set - Execution ID 60929,Environment Issue
[4615]  [INFO] Thread-10 executing task docker run failed: container crashed unexpectedly - Execution ID 11909,Container Crash
"[7901]  Randomised test failed, check seed 12345 - Execution ID 41461",Flaky Test
[2406]  [INFO] Thread-7 executing task FAIL src/components/App.test.tsx - Execution ID 64069,Test Failure
[3290]  [INFO] Thread-4 executing task make: *** [all] Error 2 - Execution ID 46351,Build Failure
[9356]  FileNotFoundError: [Errno 2] No such file or directory: '/etc/config.json' - Execution ID 12569,Environment Issue
[2476]  [INFO] Thread-2 executing task OOMKilled: Container exited with code 137 - Execution ID 55765,Container Crash
[2403]  Connection timed out after 30000 milliseconds - Execution ID 13118,Timeout Failure
[6636]  Segmentation fault (core dumped) - Execution ID 22127,Container Crash
[1649]  panic: runtime error: invalid memory address or nil pointer dereference - Execution ID 74803,Container Crash
[1384]  [INFO] Thread-2 executing task urllib.error.URLError: <urlopen error [Errno 111] Connection refused> - Execution ID 34584,Network Failure
[6773]  [INFO] Thread-6 executing task docker run failed: container crashed unexpectedly - Execution ID 32056,Container Crash
"[9811]  Randomised test failed, check seed 12345 - Execution ID 41974",Flaky Test
[2715]  Request timeout while fetching https://api.github.com - Execution ID 34649,Timeout Failure
[9052]  Network is unreachable - Execution ID 64914,Network Failure
[4873]  test_user_auth_failed: user is not authenticated - Execution ID 82983,Test Failure
"[6544]  [INFO] Thread-8 executing task EACCES: permission denied, open '/var/log/app.log' - Execution ID 14062",Permission Error
[2946]  [INFO] Thread-3 executing task Gateway Timeout: 504 - Execution ID 70845,Timeout Failure
[6482]  docker run failed: container crashed unexpectedly - Execution ID 19688,Container Crash
[4567]  [INFO] Thread-9 executing task Request timeout while fetching https://api.github.com - Execution ID 55780,Timeout Failure
[3193]  [INFO] Thread-3 executing task npm ERR! peerDependencies WARNING - Execution ID 94299,Dependency Error
[7964]  [INFO] Thread-1 executing task make: *** [all] Error 2 - Execution ID 21386,Build Failure
[2119]  [INFO] Thread-4 executing task AccessDeniedException: User is not authorized to perform: iam:PassRole - Execution ID 36788,Permission Error
[7664]  FileNotFoundError: [Errno 2] No such file or directory: '/etc/config.json' - Execution ID 21317,Environment Issue
[7175]  [INFO] Thread-3 executing task SyntaxError: Unexpected token - Execution ID 20889,Build Failure
[1561]  panic: runtime error: invalid memory address or nil pointer dereference - Execution ID 39306,Container Crash
[4003]  SyntaxError: Unexpected token - Execution ID 13409,Build Failure
[6068]  [INFO] Thread-1 executing task Exception: AWS_REGION is not set - Execution ID 52523,Environment Issue
[9058]  [INFO] Thread-1 executing task npm ERR! peerDependencies WARNING - Execution ID 75920,Dependency Error
[4254]  [INFO] Thread-4 executing task FileNotFoundError: [Errno 2] No such file or directory: '/etc/config.json' - Execution ID 72596,Environment Issue
"[3735]  Error: Timeout of 5000ms exceeded. For async tests and hooks, ensure ""done()"" is called - Execution ID 28474",Timeout Failure
"[5421]  Error: Timeout of 5000ms exceeded. For async tests and hooks, ensure ""done()"" is called - Execution ID 72165",Timeout Failure
[5746]  Failed to connect to repository: Could not resolve host - Execution ID 53462,Network Failure
[5454]  [INFO] Thread-2 executing task pip: No matching distribution found for numpy==99.9.9 - Execution ID 95087,Dependency Error
[8446]  [INFO] Thread-2 executing task socket hang up - Execution ID 29409,Network Failure
[1431]  Failed to connect to repository: Could not resolve host - Execution ID 53147,Network Failure
[4753]  chmod: changing permissions of 'script.sh': Operation not permitted - Execution ID 77111,Permission Error
[5555]  Expected value to equal: 5 Received: 4 - Execution ID 49265,Test Failure
[1199]  Request timeout while fetching https://api.github.com - Execution ID 52832,Timeout Failure
[1445]  [INFO] Thread-5 executing task docker run failed: container crashed unexpectedly - Execution ID 14943,Container Crash
[1363]  docker run failed: container crashed unexpectedly - Execution ID 54330,Container Crash
[9415]  Connection timed out after 30000 milliseconds - Execution ID 33831,Timeout Failure
[7926]  Failed to load resource: net::ERR_NAME_NOT_RESOLVED - Execution ID 73180,Dependency Error
[1511]  AssertionError: timestamp mismatch (flaky) - Execution ID 65391,Flaky Test
[8337]  socket hang up - Execution ID 30035,Network Failure
[6303]  FileNotFoundError: [Errno 2] No such file or directory: '/etc/config.json' - Execution ID 51595,Environment Issue
[1535]  Job terminated: Exceeded maximum allowed runtime - Execution ID 71105,Timeout Failure
[4793]  [INFO] Thread-7 executing task FAIL src/components/App.test.tsx - Execution ID 98628,Test Failure
[1930]  TS2322: Type 'string' is not assignable to type 'number'. - Execution ID 76833,Build Failure
"[1820]  [INFO] Thread-8 executing task EACCES: permission denied, open '/var/log/app.log' - Execution ID 38184",Permission Error
[6359]  [INFO] Thread-1 executing task Test passed on retry 2 - Execution ID 44829,Flaky Test
[6896]  Segmentation fault (core dumped) - Execution ID 70190,Container Crash
[2948]  [INFO] Thread-9 executing task Expected value to equal: 5 Received: 4 - Execution ID 73444,Test Failure
[8011]  [INFO] Thread-1 executing task pip: No matching distribution found for numpy==99.9.9 - Execution ID 93878,Dependency Error
[4966]  [INFO] Thread-5 executing task urllib.error.URLError: <urlopen error [Errno 111] Connection refused> - Execution ID 39071,Network Failure
[9291]  docker run failed: container crashed unexpectedly - Execution ID 16412,Container Crash
[4544]  test_user_auth_failed: user is not authenticated - Execution ID 30004,Test Failure
[8177]  OOMKilled: Container exited with code 137 - Execution ID 28925,Container Crash
[8541]  [INFO] Thread-6 executing task ModuleNotFoundError: No module named 'src.utils' - Execution ID 53162,Build Failure
[2641]  [INFO] Thread-1 executing task Could not resolve dependencies for project - Execution ID 40818,Dependency Error
[9866]  Failed to load resource: net::ERR_NAME_NOT_RESOLVED - Execution ID 91869,Dependency Error
[2369]  OOMKilled: Container exited with code 137 - Execution ID 65104,Container Crash
[9160]  [INFO] Thread-7 executing task npm ERR! code ERESOLVE - Execution ID 10037,Dependency Error
[7992]  Exception: AWS_REGION is not set - Execution ID 53864,Environment Issue
[7808]  [INFO] Thread-6 executing task User does not have permission to execute this action - Execution ID 40596,Permission Error
[5722]  [INFO] Thread-5 executing task AccessDeniedException: User is not authorized to perform: iam:PassRole - Execution ID 56804,Permission Error
[7693]  error: expected ';' before '}' token - Execution ID 41211,Build Failure
[9184]  FileNotFoundError: [Errno 2] No such file or directory: '/etc/config.json' - Execution ID 55406,Environment Issue
"[8888]  Error: Timeout of 5000ms exceeded. For async tests and hooks, ensure ""done()"" is called - Execution ID 21944",Timeout Failure
[3560]  Error response from daemon: container cannot be started - Execution ID 99780,Container Crash
[2567]  Configuration Error: Invalid JSON in config.yaml - Execution ID 47215,Environment Issue
[8140]  [INFO] Thread-3 executing task Test passed on retry 2 - Execution ID 49481,Flaky Test
[1865]  [INFO] Thread-9 executing task Failed to connect to repository: Could not resolve host - Execution ID 24138,Network Failure
[2805]  AssertionError: expected False to be True - Execution ID 81202,Test Failure
[8802]  Error: expect(received).toBe(expected) - Execution ID 91672,Test Failure
[9713]  AccessDeniedException: User is not authorized to perform: iam:PassRole - Execution ID 46929,Permission Error
[4342]  Request timeout while fetching https://api.github.com - Execution ID 33163,Timeout Failure
[5577]  WARN: Test execution time varied by more than 50% - Execution ID 93289,Flaky Test
[3476]  [INFO] Thread-5 executing task 403 Forbidden: Access denied - Execution ID 87788,Permission Error
[7959]  [INFO] Thread-10 executing task Error: expect(received).toBe(expected) - Execution ID 84281,Test Failure
[9677]  Gateway Timeout: 504 - Execution ID 80553,Timeout Failure
[6416]  urllib.error.URLError: <urlopen error [Errno 111] Connection refused> - Execution ID 86366,Network Failure
[5138]  Error: expect(received).toBe(expected) - Execution ID 21851,Test Failure
[9836]  Job terminated: Exceeded maximum allowed runtime - Execution ID 69744,Timeout Failure
[3576]  FileNotFoundError: [Errno 2] No such file or directory: '/etc/config.json' - Execution ID 33458,Environment Issue
[2462]  [INFO] Thread-8 executing task ModuleNotFoundError: No module named 'src.utils' - Execution ID 68751,Build Failure
[6611]  error: expected ';' before '}' token - Execution ID 30634,Build Failure
[3296]  Cannot read property 'url' of undefined from process.env - Execution ID 13571,Environment Issue
[7795]  [INFO] Thread-2 executing task panic: runtime error: invalid memory address or nil pointer dereference - Execution ID 28130,Container Crash
[8216]  [INFO] Thread-1 executing task Exception: AWS_REGION is not set - Execution ID 12861,Environment Issue
[3618]  FAIL src/components/App.test.tsx - Execution ID 29388,Test Failure
[4385]  error: ISO C++ forbids comparison between pointer and integer - Execution ID 40621,Build Failure
[7071]  Expected value to equal: 5 Received: 4 - Execution ID 94053,Test Failure
"[7420]  EACCES: permission denied, open '/var/log/app.log' - Execution ID 52219",Permission Error
[1925]  TS2322: Type 'string' is not assignable to type 'number'. - Execution ID 78988,Build Failure
[8405]  make: *** [all] Error 2 - Execution ID 24965,Build Failure
[1944]  Connection timed out after 30000 milliseconds - Execution ID 53888,Timeout Failure
[2220]  [INFO] Thread-2 executing task Expected value to equal: 5 Received: 4 - Execution ID 63313,Test Failure
[3995]  User does not have permission to execute this action - Execution ID 60874,Permission Error
[6829]  [INFO] Thread-6 executing task TS2322: Type 'string' is not assignable to type 'number'. - Execution ID 19857,Build Failure
[2143]  chmod: changing permissions of 'script.sh': Operation not permitted - Execution ID 30451,Permission Error
[4811]  Expected value to equal: 5 Received: 4 - Execution ID 13511,Test Failure
[4107]  ECONNREFUSED: Connection refused by 127.0.0.1:5432 - Execution ID 83948,Network Failure
"[1086]  [INFO] Thread-8 executing task Error: Timeout of 5000ms exceeded. For async tests and hooks, ensure ""done()"" is called - Execution ID 34323",Timeout Failure
[4299]  [INFO] Thread-5 executing task Job terminated: Exceeded maximum allowed runtime - Execution ID 96014,Timeout Failure
[8999]  Segmentation fault (core dumped) - Execution ID 65116,Container Crash
[7280]  [INFO] Thread-9 executing task npm ERR! peerDependencies WARNING - Execution ID 47330,Dependency Error
[1290]  Job terminated: Exceeded maximum allowed runtime - Execution ID 40021,Timeout Failure
[2432]  AssertionError: expected False to be True - Execution ID 49742,Test Failure
[8691]  chmod: changing permissions of 'script.sh': Operation not permitted - Execution ID 22156,Permission Error
[9857]  docker run failed: container crashed unexpectedly - Execution ID 26809,Container Crash
[4046]  [INFO] Thread-1 executing task Gateway Timeout: 504 - Execution ID 98909,Timeout Failure
[6765]  docker run failed: container crashed unexpectedly - Execution ID 37364,Container Crash
[6770]  SyntaxError: Unexpected token - Execution ID 80705,Build Failure
[7616]  [INFO] Thread-7 executing task AccessDeniedException: User is not authorized to perform: iam:PassRole - Execution ID 74598,Permission Error
[8692]  socket hang up - Execution ID 91134,Network Failure
[1251]  Segmentation fault (core dumped) - Execution ID 14206,Container Crash
[8244]  [INFO] Thread-6 executing task Failed to load resource: net::ERR_NAME_NOT_RESOLVED - Execution ID 14030,Dependency Error
[1320]  Failed to connect to repository: Could not resolve host - Execution ID 42342,Network Failure
[4505]  socket hang up - Execution ID 67192,Network Failure
[5706]  [INFO] Thread-9 executing task npm ERR! code ERESOLVE - Execution ID 36390,Dependency Error
[5659]  [INFO] Thread-1 executing task Connection timed out after 30000 milliseconds - Execution ID 75767,Timeout Failure
[8566]  Error: expect(received).toBe(expected) - Execution ID 20498,Test Failure
[4988]  [INFO] Thread-6 executing task Error response from daemon: container cannot be started - Execution ID 90128,Container Crash
[4716]  [INFO] Thread-8 executing task User does not have permission to execute this action - Execution ID 62499,Permission Error
[7335]  [INFO] Thread-10 executing task FAIL src/components/App.test.tsx - Execution ID 10701,Test Failure
[6572]  Gateway Timeout: 504 - Execution ID 62550,Timeout Failure
[2253]  urllib.error.URLError: <urlopen error [Errno 111] Connection refused> - Execution ID 93567,Network Failure
[6694]  error: expected ';' before '}' token - Execution ID 47412,Build Failure
[2590]  [INFO] Thread-9 executing task chmod: changing permissions of 'script.sh': Operation not permitted - Execution ID 30428,Permission Error
[6979]  pip: No matching distribution found for numpy==99.9.9 - Execution ID 11915,Dependency Error
[5383]  Error response from daemon: container cannot be started - Execution ID 78055,Container Crash
[1089]  [INFO] Thread-9 executing task SyntaxError: Unexpected token - Execution ID 18573,Build Failure
[1821]  Expected value to equal: 5 Received: 4 - Execution ID 29502,Test Failure
[3206]  [INFO] Thread-9 executing task ModuleNotFoundError: No module named 'src.utils' - Execution ID 35508,Build Failure
[3210]  Intermittent failure in test_network_connection - Execution ID 79137,Flaky Test
[1107]  [INFO] Thread-7 executing task Segmentation fault (core dumped) - Execution ID 72265,Container Crash
[4179]  [INFO] Thread-5 executing task Segmentation fault (core dumped) - Execution ID 78332,Container Crash
[2149]  make: *** [all] Error 2 - Execution ID 77710,Build Failure
[4313]  Gateway Timeout: 504 - Execution ID 49366,Timeout Failure
[3600]  [INFO] Thread-6 executing task 403 Forbidden: Access denied - Execution ID 64785,Permission Error
[2270]  Connection timed out after 30000 milliseconds - Execution ID 47122,Timeout Failure
[5852]  [INFO] Thread-4 executing task WARN: Test execution time varied by more than 50% - Execution ID 73499,Flaky Test
[9532]  [INFO] Thread-9 executing task socket hang up - Execution ID 76374,Network Failure
[3690]  Segmentation fault (core dumped) - Execution ID 75462,Container Crash
[1888]  FileNotFoundError: [Errno 2] No such file or directory: '/etc/config.json' - Execution ID 45487,Environment Issue
[8025]  [INFO] Thread-3 executing task pip: No matching distribution found for numpy==99.9.9 - Execution ID 88029,Dependency Error
[9841]  User does not have permission to execute this action - Execution ID 45463,Permission Error
[1414]  make: *** [all] Error 2 - Execution ID 62560,Build Failure
[6254]  [INFO] Thread-7 executing task Request timeout while fetching https://api.github.com - Execution ID 93247,Timeout Failure
"[7902]  [INFO] Thread-6 executing task Randomised test failed, check seed 12345 - Execution ID 59083",Flaky Test
[4565]  [INFO] Thread-9 executing task error: expected ';' before '}' token - Execution ID 80826,Build Failure
[4089]  [INFO] Thread-9 executing task error: expected ';' before '}' token - Execution ID 80972,Build Failure
[3381]  panic: runtime error: invalid memory address or nil pointer dereference - Execution ID 30936,Container Crash
[3280]  403 Forbidden: Access denied - Execution ID 17003,Permission Error
"[2096]  [INFO] Thread-6 executing task EACCES: permission denied, open '/var/log/app.log' - Execution ID 62727",Permission Error
[1645]  [INFO] Thread-6 executing task FileNotFoundError: [Errno 2] No such file or directory: '/etc/config.json' - Execution ID 24670,Environment Issue
"[8997]  EACCES: permission denied, open '/var/log/app.log' - Execution ID 90814",Permission Error
[1707]  [INFO] Thread-10 executing task Cannot read property 'url' of undefined from process.env - Execution ID 63059,Environment Issue
[9514]  Connection timed out after 30000 milliseconds - Execution ID 67894,Timeout Failure
[3843]  make: *** [all] Error 2 - Execution ID 36519,Build Failure
[1214]  [INFO] Thread-2 executing task pip: No matching distribution found for numpy==99.9.9 - Execution ID 44129,Dependency Error
[6919]  [INFO] Thread-10 executing task Failed to load resource: net::ERR_NAME_NOT_RESOLVED - Execution ID 71475,Dependency Error
[1306]  Failed to connect to repository: Could not resolve host - Execution ID 14845,Network Failure
[3133]  docker run failed: container crashed unexpectedly - Execution ID 96219,Container Crash
"[9897]  [INFO] Thread-7 executing task Randomised test failed, check seed 12345 - Execution ID 87541",Flaky Test
[1772]  Error: expect(received).toBe(expected) - Execution ID 29000,Test Failure
[1346]  [INFO] Thread-8 executing task ModuleNotFoundError: No module named 'src.utils' - Execution ID 33557,Build Failure
[4471]  Configuration Error: Invalid JSON in config.yaml - Execution ID 22742,Environment Issue
[3941]  Missing dependency: left-pad is not installed - Execution ID 12007,Dependency Error
[3357]  [INFO] Thread-5 executing task error: expected ';' before '}' token - Execution ID 73424,Build Failure
[2040]  error: expected ';' before '}' token - Execution ID 21896,Build Failure
[2702]  [INFO] Thread-9 executing task Request timeout while fetching https://api.github.com - Execution ID 62464,Timeout Failure
[3772]  Gateway Timeout: 504 - Execution ID 68620,Timeout Failure
[8505]  [INFO] Thread-2 executing task User does not have permission to execute this action - Execution ID 39475,Permission Error
[3670]  docker run failed: container crashed unexpectedly - Execution ID 79483,Container Crash
[2153]  [INFO] Thread-3 executing task test_user_auth_failed: user is not authenticated - Execution ID 85273,Test Failure
[9398]  AssertionError: timestamp mismatch (flaky) - Execution ID 55209,Flaky Test
[7856]  Request timeout while fetching https://api.github.com - Execution ID 74143,Timeout Failure
[4717]  error: expected ';' before '}' token - Execution ID 34487,Build Failure
[9127]  Missing dependency: left-pad is not installed - Execution ID 30953,Dependency Error
[6555]  Expected value to equal: 5 Received: 4 - Execution ID 26942,Test Failure
[5661]  [INFO] Thread-7 executing task Test passed on retry 2 - Execution ID 36750,Flaky Test
[3902]  docker run failed: container crashed unexpectedly - Execution ID 72624,Container Crash
[6533]  [INFO] Thread-9 executing task Gateway Timeout: 504 - Execution ID 77708,Timeout Failure
[1816]  [INFO] Thread-8 executing task OOMKilled: Container exited with code 137 - Execution ID 65113,Container Crash
[2297]  test_user_auth_failed: user is not authenticated - Execution ID 85824,Test Failure
[8452]  socket hang up - Execution ID 17830,Network Failure
[7858]  Failed to load resource: net::ERR_NAME_NOT_RESOLVED - Execution ID 52067,Dependency Error
[3836]  [INFO] Thread-9 executing task FileNotFoundError: [Errno 2] No such file or directory: '/etc/config.json' - Execution ID 59488,Environment Issue
[8050]  [INFO] Thread-4 executing task Test passed on retry 2 - Execution ID 26307,Flaky Test
[8503]  [INFO] Thread-3 executing task FAIL src/components/App.test.tsx - Execution ID 42782,Test Failure
[5217]  Could not resolve dependencies for project - Execution ID 29202,Dependency Error
[8508]  [INFO] Thread-7 executing task make: *** [all] Error 2 - Execution ID 16541,Build Failure
[3888]  Expected value to equal: 5 Received: 4 - Execution ID 37636,Test Failure
[3333]  [INFO] Thread-5 executing task panic: runtime error: invalid memory address or nil pointer dereference - Execution ID 19592,Container Crash
[9296]  User does not have permission to execute this action - Execution ID 36280,Permission Error
[9322]  [INFO] Thread-2 executing task Connection timed out after 30000 milliseconds - Execution ID 47980,Timeout Failure
[6034]  [INFO] Thread-3 executing task Intermittent failure in test_network_connection - Execution ID 84128,Flaky Test
[8929]  [INFO] Thread-2 executing task docker run failed: container crashed unexpectedly - Execution ID 89639,Container Crash
[5394]  Gateway Timeout: 504 - Execution ID 82704,Timeout Failure
[9906]  Failed to load resource: net::ERR_NAME_NOT_RESOLVED - Execution ID 28813,Dependency Error
[1408]  Job terminated: Exceeded maximum allowed runtime - Execution ID 71180,Timeout Failure
[9444]  ModuleNotFoundError: No module named 'src.utils' - Execution ID 60268,Build Failure
[5171]  AssertionError: timestamp mismatch (flaky) - Execution ID 76964,Flaky Test
[8555]  User does not have permission to execute this action - Execution ID 47372,Permission Error
[5654]  [INFO] Thread-8 executing task test_user_auth_failed: user is not authenticated - Execution ID 36475,Test Failure
[3226]  [INFO] Thread-6 executing task Failed to load resource: net::ERR_NAME_NOT_RESOLVED - Execution ID 91582,Dependency Error
[7360]  urllib.error.URLError: <urlopen error [Errno 111] Connection refused> - Execution ID 84186,Network Failure
[5229]  socket hang up - Execution ID 66616,Network Failure
[2968]  [INFO] Thread-6 executing task AssertionError: expected False to be True - Execution ID 42012,Test Failure
[3070]  [INFO] Thread-3 executing task FileNotFoundError: [Errno 2] No such file or directory: '/etc/config.json' - Execution ID 96398,Environment Issue
[9465]  [INFO] Thread-2 executing task ECONNREFUSED: Connection refused by 127.0.0.1:5432 - Execution ID 44830,Network Failure
[6286]  chmod: changing permissions of 'script.sh': Operation not permitted - Execution ID 28517,Permission Error
[8790]  SyntaxError: Unexpected token - Execution ID 74581,Build Failure
[8019]  [INFO] Thread-3 executing task urllib.error.URLError: <urlopen error [Errno 111] Connection refused> - Execution ID 70900,Network Failure
[7430]  [INFO] Thread-10 executing task FileNotFoundError: [Errno 2] No such file or directory: '/etc/config.json' - Execution ID 55012,Environment Issue
[9740]  [INFO] Thread-6 executing task panic: runtime error: invalid memory address or nil pointer dereference - Execution ID 58970,Container Crash
[3515]  Failed to connect to repository: Could not resolve host - Execution ID 79962,Network Failure
[9113]  [INFO] Thread-4 executing task Exception: AWS_REGION is not set - Execution ID 64767,Environment Issue
[3483]  [INFO] Thread-5 executing task Error: expect(received).toBe(expected) - Execution ID 50394,Test Failure
[7733]  [INFO] Thread-3 executing task Configuration Error: Invalid JSON in config.yaml - Execution ID 73499,Environment Issue
[5677]  FAIL src/components/App.test.tsx - Execution ID 49280,Test Failure
[8242]  [INFO] Thread-6 executing task Connection timed out after 30000 milliseconds - Execution ID 17643,Timeout Failure
[2357]  [INFO] Thread-8 executing task FAIL src/components/App.test.tsx - Execution ID 95943,Test Failure
[4001]  Configuration Error: Invalid JSON in config.yaml - Execution ID 31633,Environment Issue
[5513]  [INFO] Thread-5 executing task Intermittent failure in test_network_connection - Execution ID 48404,Flaky Test
[1484]  [INFO] Thread-2 executing task make: *** [all] Error 2 - Execution ID 87563,Build Failure
[9257]  AssertionError: expected False to be True - Execution ID 63078,Test Failure
[3444]  [INFO] Thread-6 executing task User does not have permission to execute this action - Execution ID 75409,Permission Error
[2432]  panic: runtime error: invalid memory address or nil pointer dereference - Execution ID 79012,Container Crash
[5508]  Network is unreachable - Execution ID 96466,Network Failure
[4792]  Job terminated: Exceeded maximum allowed runtime - Execution ID 66945,Timeout Failure
[8683]  [INFO] Thread-6 executing task Segmentation fault (core dumped) - Execution ID 80830,Container Crash
[7142]  [INFO] Thread-8 executing task SyntaxError: Unexpected token - Execution ID 67682,Build Failure
[7595]  AssertionError: expected False to be True - Execution ID 13569,Test Failure
[3275]  Error response from daemon: container cannot be started - Execution ID 17675,Container Crash
[3832]  [INFO] Thread-9 executing task urllib.error.URLError: <urlopen error [Errno 111] Connection refused> - Execution ID 40053,Network Failure
[1237]  [INFO] Thread-6 executing task Error: Missing environment variable DB_PASSWORD - Execution ID 39581,Environment Issue
[3888]  [INFO] Thread-5 executing task User does not have permission to execute this action - Execution ID 39622,Permission Error
[8528]  [INFO] Thread-10 executing task docker run failed: container crashed unexpectedly - Execution ID 10297,Container Crash
[5507]  Job terminated: Exceeded maximum allowed runtime - Execution ID 68495,Timeout Failure
[3463]  [INFO] Thread-10 executing task urllib.error.URLError: <urlopen error [Errno 111] Connection refused> - Execution ID 98049,Network Failure
[7943]  [INFO] Thread-3 executing task Segmentation fault (core dumped) - Execution ID 36994,Container Crash
[3119]  ModuleNotFoundError: No module named 'src.utils' - Execution ID 61509,Build Failure
[2887]  [INFO] Thread-7 executing task TS2322: Type 'string' is not assignable to type 'number'. - Execution ID 57094,Build Failure
[4201]  Could not resolve dependencies for project - Execution ID 48223,Dependency Error
[4303]  [INFO] Thread-10 executing task ModuleNotFoundError: No module named 'src.utils' - Execution ID 78105,Build Failure
[9598]  Could not resolve dependencies for project - Execution ID 53292,Dependency Error
[8888]  Could not resolve dependencies for project - Execution ID 40945,Dependency Error
"[7923]  [INFO] Thread-10 executing task EACCES: permission denied, open '/var/log/app.log' - Execution ID 47659",Permission Error
[6666]  Intermittent failure in test_network_connection - Execution ID 64449,Flaky Test
[5356]  [INFO] Thread-8 executing task Error: expect(received).toBe(expected) - Execution ID 94216,Test Failure
[1811]  Connection timed out after 30000 milliseconds - Execution ID 41584,Timeout Failure
"[8541]  [INFO] Thread-8 executing task EACCES: permission denied, open '/var/log/app.log' - Execution ID 66019",Permission Error
[4127]  [INFO] Thread-1 executing task ModuleNotFoundError: No module named 'src.utils' - Execution ID 21448,Build Failure
[5281]  [INFO] Thread-2 executing task Failed to connect to repository: Could not resolve host - Execution ID 66305,Network Failure
[8306]  Missing dependency: left-pad is not installed - Execution ID 28023,Dependency Error
"[5299]  EACCES: permission denied, open '/var/log/app.log' - Execution ID 53756",Permission Error
[9376]  [INFO] Thread-3 executing task Configuration Error: Invalid JSON in config.yaml - Execution ID 47991,Environment Issue
[4636]  Error response from daemon: container cannot be started - Execution ID 16650,Container Crash
[3914]  TS2322: Type 'string' is not assignable to type 'number'. - Execution ID 54046,Build Failure
[4795]  Error: expect(received).toBe(expected) - Execution ID 29221,Test Failure
[6617]  [INFO] Thread-5 executing task Error: Missing environment variable DB_PASSWORD - Execution ID 19041,Environment Issue
[9421]  [INFO] Thread-8 executing task Request timeout while fetching https://api.github.com - Execution ID 30727,Timeout Failure
[5275]  socket hang up - Execution ID 65974,Network Failure
[9281]  make: *** [all] Error 2 - Execution ID 96956,Build Failure
[4626]  Error: Missing environment variable DB_PASSWORD - Execution ID 67014,Environment Issue
[1910]  FileNotFoundError: [Errno 2] No such file or directory: '/etc/config.json' - Execution ID 84134,Environment Issue
[5625]  AccessDeniedException: User is not authorized to perform: iam:PassRole - Execution ID 36179,Permission Error
"[2332]  Error: Timeout of 5000ms exceeded. For async tests and hooks, ensure ""done()"" is called - Execution ID 41687",Timeout Failure
[6995]  [INFO] Thread-1 executing task chmod: changing permissions of 'script.sh': Operation not permitted - Execution ID 57227,Permission Error
[7694]  [INFO] Thread-6 executing task SyntaxError: Unexpected token - Execution ID 98938,Build Failure
[8816]  [INFO] Thread-5 executing task test_user_auth_failed: user is not authenticated - Execution ID 25114,Test Failure
[8582]  [INFO] Thread-4 executing task panic: runtime error: invalid memory address or nil pointer dereference - Execution ID 25877,Container Crash
[5285]  [INFO] Thread-1 executing task Error: expect(received).toBe(expected) - Execution ID 82019,Test Failure
[5122]  SyntaxError: Unexpected token - Execution ID 49901,Build Failure
[2553]  urllib.error.URLError: <urlopen error [Errno 111] Connection refused> - Execution ID 19128,Network Failure
[8471]  Segmentation fault (core dumped) - Execution ID 14647,Container Crash
[4046]  [INFO] Thread-2 executing task error: expected ';' before '}' token - Execution ID 28875,Build Failure
[5682]  AccessDeniedException: User is not authorized to perform: iam:PassRole - Execution ID 12145,Permission Error
[6999]  socket hang up - Execution ID 73468,Network Failure
"[4248]  Randomised test failed, check seed 12345 - Execution ID 36129",Flaky Test
[6478]  [INFO] Thread-8 executing task AssertionError: timestamp mismatch (flaky) - Execution ID 53514,Flaky Test
[2434]  [INFO] Thread-8 executing task WARN: Test execution time varied by more than 50% - Execution ID 17567,Flaky Test
[2635]  [INFO] Thread-7 executing task Failed to connect to repository: Could not resolve host - Execution ID 24138,Network Failure
[1792]  [INFO] Thread-3 executing task Cannot read property 'url' of undefined from process.env - Execution ID 20622,Environment Issue
[1050]  Failed to connect to repository: Could not resolve host - Execution ID 58529,Network Failure
"[2020]  [INFO] Thread-1 executing task Randomised test failed, check seed 12345 - Execution ID 71340",Flaky Test
[9663]  [INFO] Thread-4 executing task Connection timed out after 30000 milliseconds - Execution ID 55253,Timeout Failure
"[2013]  EACCES: permission denied, open '/var/log/app.log' - Execution ID 27167",Permission Error
"[2042]  [INFO] Thread-7 executing task Randomised test failed, check seed 12345 - Execution ID 66296",Flaky Test
[5371]  error: ISO C++ forbids comparison between pointer and integer - Execution ID 41368,Build Failure
[2108]  Could not resolve dependencies for project - Execution ID 11450,Dependency Error
[5702]  [INFO] Thread-3 executing task Connection timed out after 30000 milliseconds - Execution ID 54940,Timeout Failure
[4296]  Error: Missing environment variable DB_PASSWORD - Execution ID 84307,Environment Issue
[8001]  [INFO] Thread-10 executing task AssertionError: timestamp mismatch (flaky) - Execution ID 72579,Flaky Test
"[6050]  [INFO] Thread-1 executing task EACCES: permission denied, open '/var/log/app.log' - Execution ID 16363",Permission Error
[1545]  [INFO] Thread-10 executing task Request timeout while fetching https://api.github.com - Execution ID 95967,Timeout Failure
[2728]  Error: expect(received).toBe(expected) - Execution ID 41507,Test Failure
"[4014]  [INFO] Thread-5 executing task Error: Timeout of 5000ms exceeded. For async tests and hooks, ensure ""done()"" is called - Execution ID 35608",Timeout Failure
[4450]  Failed to connect to repository: Could not resolve host - Execution ID 41298,Network Failure
"[8111]  [INFO] Thread-8 executing task Error: Timeout of 5000ms exceeded. For async tests and hooks, ensure ""done()"" is called - Execution ID 48135",Timeout Failure
[7061]  npm ERR! peerDependencies WARNING - Execution ID 99795,Dependency Error
[8991]  [INFO] Thread-8 executing task AssertionError: timestamp mismatch (flaky) - Execution ID 52896,Flaky Test
[2883]  Error: Missing environment variable DB_PASSWORD - Execution ID 31619,Environment Issue
[5414]  Missing dependency: left-pad is not installed - Execution ID 60576,Dependency Error
[9219]  [INFO] Thread-6 executing task urllib.error.URLError: <urlopen error [Errno 111] Connection refused> - Execution ID 12357,Network Failure
[8799]  [INFO] Thread-2 executing task Segmentation fault (core dumped) - Execution ID 24978,Container Crash
[1048]  Network is unreachable - Execution ID 60607,Network Failure
[5934]  [INFO] Thread-2 executing task AccessDeniedException: User is not authorized to perform: iam:PassRole - Execution ID 83196,Permission Error
[9846]  [INFO] Thread-9 executing task Missing dependency: left-pad is not installed - Execution ID 28667,Dependency Error
[5871]  [INFO] Thread-10 executing task 403 Forbidden: Access denied - Execution ID 82760,Permission Error
[4577]  SyntaxError: Unexpected token - Execution ID 50994,Build Failure
[8010]  make: *** [all] Error 2 - Execution ID 95702,Build Failure
[5779]  [INFO] Thread-2 executing task error: expected ';' before '}' token - Execution ID 86097,Build Failure
[8751]  [INFO] Thread-5 executing task Error: expect(received).toBe(expected) - Execution ID 99306,Test Failure
[8857]  [INFO] Thread-7 executing task Error response from daemon: container cannot be started - Execution ID 83531,Container Crash
[4724]  [INFO] Thread-7 executing task error: expected ';' before '}' token - Execution ID 82538,Build Failure
[4383]  Failed to connect to repository: Could not resolve host - Execution ID 20791,Network Failure
[1959]  Could not resolve dependencies for project - Execution ID 10505,Dependency Error
"[1899]  Randomised test failed, check seed 12345 - Execution ID 10186",Flaky Test
[2109]  [INFO] Thread-5 executing task Error: expect(received).toBe(expected) - Execution ID 75511,Test Failure
[7838]  [INFO] Thread-5 executing task Gateway Timeout: 504 - Execution ID 44777,Timeout Failure
"[4880]  [INFO] Thread-10 executing task Error: Timeout of 5000ms exceeded. For async tests and hooks, ensure ""done()"" is called - Execution ID 13212",Timeout Failure
[3209]  [INFO] Thread-3 executing task npm ERR! peerDependencies WARNING - Execution ID 82641,Dependency Error
[8158]  [INFO] Thread-9 executing task WARN: Test execution time varied by more than 50% - Execution ID 65682,Flaky Test
[5575]  [INFO] Thread-7 executing task docker run failed: container crashed unexpectedly - Execution ID 35294,Container Crash
[6113]  [INFO] Thread-2 executing task AccessDeniedException: User is not authorized to perform: iam:PassRole - Execution ID 22623,Permission Error
[8331]  Failed to connect to repository: Could not resolve host - Execution ID 89490,Network Failure
[8990]  Intermittent failure in test_network_connection - Execution ID 42352,Flaky Test
[5416]  [INFO] Thread-1 executing task Request timeout while fetching https://api.github.com - Execution ID 91674,Timeout Failure
[4186]  Job terminated: Exceeded maximum allowed runtime - Execution ID 49652,Timeout Failure
[6241]  [INFO] Thread-9 executing task error: expected ';' before '}' token - Execution ID 33661,Build Failure
[2368]  Error: expect(received).toBe(expected) - Execution ID 92847,Test Failure
[1813]  Cannot read property 'url' of undefined from process.env - Execution ID 81870,Environment Issue
[6273]  [INFO] Thread-1 executing task Intermittent failure in test_network_connection - Execution ID 93850,Flaky Test
[8494]  [INFO] Thread-9 executing task AssertionError: expected False to be True - Execution ID 39194,Test Failure
[9973]  [INFO] Thread-3 executing task OOMKilled: Container exited with code 137 - Execution ID 26477,Container Crash
[6224]  Request timeout while fetching https://api.github.com - Execution ID 35279,Timeout Failure
[3260]  [INFO] Thread-5 executing task FAIL src/components/App.test.tsx - Execution ID 45148,Test Failure
[6853]  SyntaxError: Unexpected token - Execution ID 96234,Build Failure
"[3762]  [INFO] Thread-7 executing task EACCES: permission denied, open '/var/log/app.log' - Execution ID 63480",Permission Error
[5257]  [INFO] Thread-7 executing task FileNotFoundError: [Errno 2] No such file or directory: '/etc/config.json' - Execution ID 20511,Environment Issue
[1539]  [INFO] Thread-4 executing task Connection timed out after 30000 milliseconds - Execution ID 75082,Timeout Failure
[8903]  SyntaxError: Unexpected token - Execution ID 13206,Build Failure
[4593]  [INFO] Thread-8 executing task Failed to load resource: net::ERR_NAME_NOT_RESOLVED - Execution ID 43426,Dependency Error
[9756]  [INFO] Thread-1 executing task Could not resolve dependencies for project - Execution ID 38083,Dependency Error
[5857]  [INFO] Thread-8 executing task panic: runtime error: invalid memory address or nil pointer dereference - Execution ID 47485,Container Crash
[4270]  [INFO] Thread-9 executing task make: *** [all] Error 2 - Execution ID 10127,Build Failure
"[9651]  Error: Timeout of 5000ms exceeded. For async tests and hooks, ensure ""done()"" is called - Execution ID 65001",Timeout Failure
[8271]  [INFO] Thread-6 executing task 403 Forbidden: Access denied - Execution ID 38145,Permission Error
[7423]  [INFO] Thread-3 executing task ModuleNotFoundError: No module named 'src.utils' - Execution ID 12089,Build Failure
[2224]  [INFO] Thread-3 executing task Job terminated: Exceeded maximum allowed runtime - Execution ID 37584,Timeout Failure
[4113]  AssertionError: expected False to be True - Execution ID 60356,Test Failure
[8267]  [INFO] Thread-5 executing task Gateway Timeout: 504 - Execution ID 37625,Timeout Failure
[5706]  docker run failed: container crashed unexpectedly - Execution ID 21163,Container Crash
[4155]  AccessDeniedException: User is not authorized to perform: iam:PassRole - Execution ID 39342,Permission Error
[3881]  [INFO] Thread-6 executing task ModuleNotFoundError: No module named 'src.utils' - Execution ID 32855,Build Failure
[1771]  403 Forbidden: Access denied - Execution ID 77823,Permission Error
[2204]  [INFO] Thread-4 executing task Configuration Error: Invalid JSON in config.yaml - Execution ID 10017,Environment Issue
[9124]  [INFO] Thread-6 executing task Failed to load resource: net::ERR_NAME_NOT_RESOLVED - Execution ID 29959,Dependency Error
[4265]  Could not resolve dependencies for project - Execution ID 48221,Dependency Error
[5490]  [INFO] Thread-4 executing task make: *** [all] Error 2 - Execution ID 33167,Build Failure
[3113]  make: *** [all] Error 2 - Execution ID 10667,Build Failure
[7381]  panic: runtime error: invalid memory address or nil pointer dereference - Execution ID 98533,Container Crash
[1633]  Failed to connect to repository: Could not resolve host - Execution ID 28811,Network Failure
[4616]  [INFO] Thread-7 executing task Job terminated: Exceeded maximum allowed runtime - Execution ID 25805,Timeout Failure
[7441]  npm ERR! code ERESOLVE - Execution ID 85589,Dependency Error
[5447]  chmod: changing permissions of 'script.sh': Operation not permitted - Execution ID 51140,Permission Error
[2110]  panic: runtime error: invalid memory address or nil pointer dereference - Execution ID 31449,Container Crash
[5735]  [INFO] Thread-5 executing task error: expected ';' before '}' token - Execution ID 63462,Build Failure
[4585]  make: *** [all] Error 2 - Execution ID 75175,Build Failure
[7100]  SyntaxError: Unexpected token - Execution ID 47493,Build Failure
[4876]  Expected value to equal: 5 Received: 4 - Execution ID 75029,Test Failure
[8722]  [INFO] Thread-1 executing task npm ERR! peerDependencies WARNING - Execution ID 31412,Dependency Error
[2825]  docker run failed: container crashed unexpectedly - Execution ID 44395,Container Crash
[1104]  Job terminated: Exceeded maximum allowed runtime - Execution ID 81785,Timeout Failure
[9789]  AssertionError: expected False to be True - Execution ID 60841,Test Failure
[3624]  AssertionError: expected False to be True - Execution ID 58167,Test Failure
[2791]  [INFO] Thread-4 executing task AccessDeniedException: User is not authorized to perform: iam:PassRole - Execution ID 39499,Permission Error
[5464]  [INFO] Thread-2 executing task ModuleNotFoundError: No module named 'src.utils' - Execution ID 42816,Build Failure
[2355]  [INFO] Thread-9 executing task SyntaxError: Unexpected token - Execution ID 82203,Build Failure
[7901]  Segmentation fault (core dumped) - Execution ID 98830,Container Crash
[3901]  Job terminated: Exceeded maximum allowed runtime - Execution ID 31439,Timeout Failure
"[3990]  [INFO] Thread-9 executing task Error: Timeout of 5000ms exceeded. For async tests and hooks, ensure ""done()"" is called - Execution ID 40771",Timeout Failure
[2298]  [INFO] Thread-8 executing task ModuleNotFoundError: No module named 'src.utils' - Execution ID 65350,Build Failure
"[7875]  [INFO] Thread-6 executing task Randomised test failed, check seed 12345 - Execution ID 13683",Flaky Test
[4974]  Could not resolve dependencies for project - Execution ID 98357,Dependency Error
[3414]  error: ISO C++ forbids comparison between pointer and integer - Execution ID 30345,Build Failure
[3636]  Intermittent failure in test_network_connection - Execution ID 96557,Flaky Test
[1581]  pip: No matching distribution found for numpy==99.9.9 - Execution ID 39184,Dependency Error
[9202]  Failed to connect to repository: Could not resolve host - Execution ID 48970,Network Failure
[2710]  [INFO] Thread-5 executing task 403 Forbidden: Access denied - Execution ID 83923,Permission Error
[3910]  [INFO] Thread-7 executing task Error response from daemon: container cannot be started - Execution ID 30334,Container Crash
[5079]  Intermittent failure in test_network_connection - Execution ID 95794,Flaky Test
[1886]  ECONNREFUSED: Connection refused by 127.0.0.1:5432 - Execution ID 85556,Network Failure
"[3112]  Randomised test failed, check seed 12345 - Execution ID 49789",Flaky Test
[6526]  SyntaxError: Unexpected token - Execution ID 93099,Build Failure
[2062]  [INFO] Thread-9 executing task Error response from daemon: container cannot be started - Execution ID 99652,Container Crash
[5807]  [INFO] Thread-4 executing task TS2322: Type 'string' is not assignable to type 'number'. - Execution ID 56636,Build Failure
[9881]  [INFO] Thread-3 executing task pip: No matching distribution found for numpy==99.9.9 - Execution ID 82599,Dependency Error
"[8401]  EACCES: permission denied, open '/var/log/app.log' - Execution ID 14177",Permission Error
[7988]  OOMKilled: Container exited with code 137 - Execution ID 23259,Container Crash
[6117]  [INFO] Thread-1 executing task Could not resolve dependencies for project - Execution ID 95699,Dependency Error
[1264]  [INFO] Thread-8 executing task ECONNREFUSED: Connection refused by 127.0.0.1:5432 - Execution ID 13669,Network Failure
[6682]  [INFO] Thread-1 executing task WARN: Test execution time varied by more than 50% - Execution ID 20412,Flaky Test
[4102]  [INFO] Thread-10 executing task FileNotFoundError: [Errno 2] No such file or directory: '/etc/config.json' - Execution ID 65768,Environment Issue
[5836]  [INFO] Thread-5 executing task test_user_auth_failed: user is not authenticated - Execution ID 47037,Test Failure
[9284]  [INFO] Thread-1 executing task ECONNREFUSED: Connection refused by 127.0.0.1:5432 - Execution ID 22925,Network Failure
[3313]  test_user_auth_failed: user is not authenticated - Execution ID 77723,Test Failure
[6664]  Connection timed out after 30000 milliseconds - Execution ID 57938,Timeout Failure
[3162]  OOMKilled: Container exited with code 137 - Execution ID 23967,Container Crash
[6044]  ModuleNotFoundError: No module named 'src.utils' - Execution ID 10061,Build Failure
[5976]  Exception: AWS_REGION is not set - Execution ID 87926,Environment Issue
[3083]  AssertionError: timestamp mismatch (flaky) - Execution ID 75030,Flaky Test
[3435]  [INFO] Thread-1 executing task SyntaxError: Unexpected token - Execution ID 92101,Build Failure
[5634]  [INFO] Thread-2 executing task Failed to load resource: net::ERR_NAME_NOT_RESOLVED - Execution ID 28726,Dependency Error
[7352]  pip: No matching distribution found for numpy==99.9.9 - Execution ID 48935,Dependency Error
[7784]  [INFO] Thread-10 executing task Failed to connect to repository: Could not resolve host - Execution ID 14460,Network Failure
[2595]  [INFO] Thread-6 executing task urllib.error.URLError: <urlopen error [Errno 111] Connection refused> - Execution ID 37575,Network Failure
[9688]  Network is unreachable - Execution ID 49575,Network Failure
[9309]  Network is unreachable - Execution ID 62806,Network Failure
[8153]  [INFO] Thread-7 executing task Test passed on retry 2 - Execution ID 52538,Flaky Test
[8837]  Gateway Timeout: 504 - Execution ID 37262,Timeout Failure
[5881]  Error response from daemon: container cannot be started - Execution ID 87671,Container Crash
[7953]  [INFO] Thread-4 executing task Request timeout while fetching https://api.github.com - Execution ID 73214,Timeout Failure
[9672]  npm ERR! peerDependencies WARNING - Execution ID 32440,Dependency Error
[2250]  [INFO] Thread-6 executing task Error response from daemon: container cannot be started - Execution ID 28350,Container Crash
[7950]  error: expected ';' before '}' token - Execution ID 86375,Build Failure
[1663]  [INFO] Thread-3 executing task Exception: AWS_REGION is not set - Execution ID 42028,Environment Issue
[6825]  [INFO] Thread-3 executing task 403 Forbidden: Access denied - Execution ID 35814,Permission Error
[6272]  User does not have permission to execute this action - Execution ID 15454,Permission Error
[5609]  ECONNREFUSED: Connection refused by 127.0.0.1:5432 - Execution ID 74623,Network Failure
[3774]  [INFO] Thread-8 executing task TS2322: Type 'string' is not assignable to type 'number'. - Execution ID 33693,Build Failure
[9508]  [INFO] Thread-8 executing task urllib.error.URLError: <urlopen error [Errno 111] Connection refused> - Execution ID 41482,Network Failure
[1646]  Error: Missing environment variable DB_PASSWORD - Execution ID 97491,Environment Issue
[9661]  [INFO] Thread-3 executing task TS2322: Type 'string' is not assignable to type 'number'. - Execution ID 69965,Build Failure
[8433]  [INFO] Thread-9 executing task Configuration Error: Invalid JSON in config.yaml - Execution ID 69920,Environment Issue
[1402]  Cannot read property 'url' of undefined from process.env - Execution ID 19178,Environment Issue
[8794]  [INFO] Thread-2 executing task npm ERR! peerDependencies WARNING - Execution ID 68418,Dependency Error
[8763]  User does not have permission to execute this action - Execution ID 82649,Permission Error
[2659]  [INFO] Thread-1 executing task npm ERR! code ERESOLVE - Execution ID 67236,Dependency Error
[4911]  Configuration Error: Invalid JSON in config.yaml - Execution ID 75977,Environment Issue
[1131]  [INFO] Thread-10 executing task WARN: Test execution time varied by more than 50% - Execution ID 37783,Flaky Test
"[6137]  [INFO] Thread-8 executing task Error: Timeout of 5000ms exceeded. For async tests and hooks, ensure ""done()"" is called - Execution ID 93312",Timeout Failure
[1356]  FileNotFoundError: [Errno 2] No such file or directory: '/etc/config.json' - Execution ID 60854,Environment Issue
[5044]  [INFO] Thread-1 executing task chmod: changing permissions of 'script.sh': Operation not permitted - Execution ID 20451,Permission Error
[9584]  [INFO] Thread-5 executing task panic: runtime error: invalid memory address or nil pointer dereference - Execution ID 76155,Container Crash
[8091]  [INFO] Thread-5 executing task TS2322: Type 'string' is not assignable to type 'number'. - Execution ID 84057,Build Failure
[3606]  Test passed on retry 2 - Execution ID 51012,Flaky Test
[1290]  [INFO] Thread-7 executing task Network is unreachable - Execution ID 16272,Network Failure
[5311]  [INFO] Thread-8 executing task panic: runtime error: invalid memory address or nil pointer dereference - Execution ID 89927,Container Crash
[1466]  Failed to connect to repository: Could not resolve host - Execution ID 63221,Network Failure
[3257]  pip: No matching distribution found for numpy==99.9.9 - Execution ID 58220,Dependency Error
[5575]  [INFO] Thread-8 executing task Failed to connect to repository: Could not resolve host - Execution ID 76213,Network Failure
[2405]  Job terminated: Exceeded maximum allowed runtime - Execution ID 71398,Timeout Failure
[5012]  Connection timed out after 30000 milliseconds - Execution ID 96397,Timeout Failure
[1956]  [INFO] Thread-7 executing task AssertionError: timestamp mismatch (flaky) - Execution ID 76988,Flaky Test
[5238]  [INFO] Thread-1 executing task Expected value to equal: 5 Received: 4 - Execution ID 30102,Test Failure
[1297]  [INFO] Thread-6 executing task Network is unreachable - Execution ID 11409,Network Failure
[3504]  npm ERR! code ERESOLVE - Execution ID 30364,Dependency Error
[1211]  test_user_auth_failed: user is not authenticated - Execution ID 24155,Test Failure
[4046]  ECONNREFUSED: Connection refused by 127.0.0.1:5432 - Execution ID 42127,Network Failure
[9777]  [INFO] Thread-3 executing task Segmentation fault (core dumped) - Execution ID 12446,Container Crash
[3996]  [INFO] Thread-8 executing task AssertionError: timestamp mismatch (flaky) - Execution ID 61922,Flaky Test
[4685]  WARN: Test execution time varied by more than 50% - Execution ID 42001,Flaky Test
[6861]  [INFO] Thread-2 executing task Error: Missing environment variable DB_PASSWORD - Execution ID 83381,Environment Issue
[6917]  [INFO] Thread-9 executing task error: expected ';' before '}' token - Execution ID 93216,Build Failure
"[2305]  EACCES: permission denied, open '/var/log/app.log' - Execution ID 68742",Permission Error
[3871]  Request timeout while fetching https://api.github.com - Execution ID 13468,Timeout Failure
[9070]  WARN: Test execution time varied by more than 50% - Execution ID 83368,Flaky Test
[1254]  AssertionError: timestamp mismatch (flaky) - Execution ID 14968,Flaky Test
[8021]  FAIL src/components/App.test.tsx - Execution ID 60510,Test Failure
[9087]  [INFO] Thread-10 executing task Exception: AWS_REGION is not set - Execution ID 37408,Environment Issue
[8509]  OOMKilled: Container exited with code 137 - Execution ID 71938,Container Crash
[1921]  User does not have permission to execute this action - Execution ID 98961,Permission Error
[1485]  [INFO] Thread-2 executing task WARN: Test execution time varied by more than 50% - Execution ID 19877,Flaky Test
[5179]  [INFO] Thread-9 executing task Failed to connect to repository: Could not resolve host - Execution ID 14181,Network Failure
[7272]  Failed to connect to repository: Could not resolve host - Execution ID 96438,Network Failure
[4907]  [INFO] Thread-8 executing task User does not have permission to execute this action - Execution ID 54832,Permission Error
[6860]  Exception: AWS_REGION is not set - Execution ID 73774,Environment Issue
[5459]  [INFO] Thread-5 executing task OOMKilled: Container exited with code 137 - Execution ID 76886,Container Crash
[3613]  Expected value to equal: 5 Received: 4 - Execution ID 73765,Test Failure
[3890]  [INFO] Thread-1 executing task AccessDeniedException: User is not authorized to perform: iam:PassRole - Execution ID 85173,Permission Error
[7362]  test_user_auth_failed: user is not authenticated - Execution ID 53241,Test Failure
[3213]  ModuleNotFoundError: No module named 'src.utils' - Execution ID 95981,Build Failure
[4108]  AssertionError: timestamp mismatch (flaky) - Execution ID 39750,Flaky Test
"[9583]  EACCES: permission denied, open '/var/log/app.log' - Execution ID 97838",Permission Error
[6909]  [INFO] Thread-1 executing task socket hang up - Execution ID 80266,Network Failure
[3336]  AccessDeniedException: User is not authorized to perform: iam:PassRole - Execution ID 46617,Permission Error
[3955]  docker run failed: container crashed unexpectedly - Execution ID 73054,Container Crash
[5066]  AccessDeniedException: User is not authorized to perform: iam:PassRole - Execution ID 52846,Permission Error
[8677]  [INFO] Thread-6 executing task error: expected ';' before '}' token - Execution ID 42078,Build Failure
"[8574]  [INFO] Thread-3 executing task Randomised test failed, check seed 12345 - Execution ID 27123",Flaky Test
[3061]  [INFO] Thread-10 executing task 403 Forbidden: Access denied - Execution ID 31293,Permission Error
[9794]  [INFO] Thread-2 executing task Exception: AWS_REGION is not set - Execution ID 58575,Environment Issue
[8901]  [INFO] Thread-6 executing task panic: runtime error: invalid memory address or nil pointer dereference - Execution ID 77384,Container Crash
[9415]  [INFO] Thread-8 executing task Test passed on retry 2 - Execution ID 15023,Flaky Test
[4122]  Gateway Timeout: 504 - Execution ID 13061,Timeout Failure
[1283]  panic: runtime error: invalid memory address or nil pointer dereference - Execution ID 19697,Container Crash
[6567]  Expected value to equal: 5 Received: 4 - Execution ID 31995,Test Failure
[8931]  [INFO] Thread-5 executing task Gateway Timeout: 504 - Execution ID 13198,Timeout Failure
[3348]  test_user_auth_failed: user is not authenticated - Execution ID 83719,Test Failure
[2998]  [INFO] Thread-8 executing task FileNotFoundError: [Errno 2] No such file or directory: '/etc/config.json' - Execution ID 48811,Environment Issue
[7478]  AccessDeniedException: User is not authorized to perform: iam:PassRole - Execution ID 78929,Permission Error
[7498]  Expected value to equal: 5 Received: 4 - Execution ID 41223,Test Failure
[9581]  docker run failed: container crashed unexpectedly - Execution ID 48605,Container Crash
[6927]  [INFO] Thread-8 executing task User does not have permission to execute this action - Execution ID 38150,Permission Error
[8094]  [INFO] Thread-9 executing task TS2322: Type 'string' is not assignable to type 'number'. - Execution ID 71127,Build Failure
[4038]  [INFO] Thread-4 executing task panic: runtime error: invalid memory address or nil pointer dereference - Execution ID 47792,Container Crash
[9608]  [INFO] Thread-4 executing task error: expected ';' before '}' token - Execution ID 99272,Build Failure
[2320]  Missing dependency: left-pad is not installed - Execution ID 25360,Dependency Error
[9868]  Error response from daemon: container cannot be started - Execution ID 72415,Container Crash
"[3931]  EACCES: permission denied, open '/var/log/app.log' - Execution ID 21746",Permission Error
[3210]  [INFO] Thread-3 executing task AssertionError: expected False to be True - Execution ID 98528,Test Failure
[6653]  OOMKilled: Container exited with code 137 - Execution ID 84107,Container Crash
[7903]  [INFO] Thread-7 executing task FAIL src/components/App.test.tsx - Execution ID 95839,Test Failure
[1155]  [INFO] Thread-10 executing task FAIL src/components/App.test.tsx - Execution ID 83277,Test Failure
[4633]  [INFO] Thread-7 executing task panic: runtime error: invalid memory address or nil pointer dereference - Execution ID 24942,Container Crash
[6631]  WARN: Test execution time varied by more than 50% - Execution ID 77914,Flaky Test
[2708]  Request timeout while fetching https://api.github.com - Execution ID 27652,Timeout Failure
[4801]  chmod: changing permissions of 'script.sh': Operation not permitted - Execution ID 56185,Permission Error
[8460]  Failed to load resource: net::ERR_NAME_NOT_RESOLVED - Execution ID 11618,Dependency Error
"[8737]  Randomised test failed, check seed 12345 - Execution ID 19606",Flaky Test
[6036]  [INFO] Thread-2 executing task Error: Missing environment variable DB_PASSWORD - Execution ID 36400,Environment Issue
[3589]  chmod: changing permissions of 'script.sh': Operation not permitted - Execution ID 79644,Permission Error
[9503]  [INFO] Thread-3 executing task OOMKilled: Container exited with code 137 - Execution ID 86221,Container Crash
"[7574]  [INFO] Thread-2 executing task Error: Timeout of 5000ms exceeded. For async tests and hooks, ensure ""done()"" is called - Execution ID 73366",Timeout Failure
[3700]  [INFO] Thread-1 executing task Segmentation fault (core dumped) - Execution ID 78004,Container Crash
[5124]  [INFO] Thread-8 executing task Expected value to equal: 5 Received: 4 - Execution ID 76655,Test Failure
[1977]  Connection timed out after 30000 milliseconds - Execution ID 26149,Timeout Failure
[1958]  Configuration Error: Invalid JSON in config.yaml - Execution ID 84648,Environment Issue
[1249]  Error: Missing environment variable DB_PASSWORD - Execution ID 41596,Environment Issue
[3442]  [INFO] Thread-5 executing task FAIL src/components/App.test.tsx - Execution ID 50139,Test Failure
[9068]  [INFO] Thread-10 executing task TS2322: Type 'string' is not assignable to type 'number'. - Execution ID 84727,Build Failure
[2942]  [INFO] Thread-2 executing task FAIL src/components/App.test.tsx - Execution ID 42133,Test Failure
[8228]  Missing dependency: left-pad is not installed - Execution ID 62737,Dependency Error
[6039]  error: ISO C++ forbids comparison between pointer and integer - Execution ID 32700,Build Failure
[7990]  AssertionError: expected False to be True - Execution ID 67952,Test Failure
"[1918]  [INFO] Thread-10 executing task EACCES: permission denied, open '/var/log/app.log' - Execution ID 31906",Permission Error
[8362]  Configuration Error: Invalid JSON in config.yaml - Execution ID 56929,Environment Issue
[3036]  Network is unreachable - Execution ID 51017,Network Failure
[4450]  FAIL src/components/App.test.tsx - Execution ID 37244,Test Failure
[2068]  [INFO] Thread-2 executing task urllib.error.URLError: <urlopen error [Errno 111] Connection refused> - Execution ID 18294,Network Failure
[2460]  pip: No matching distribution found for numpy==99.9.9 - Execution ID 42686,Dependency Error
[8719]  [INFO] Thread-7 executing task Job terminated: Exceeded maximum allowed runtime - Execution ID 35310,Timeout Failure
[9203]  Error: expect(received).toBe(expected) - Execution ID 93074,Test Failure
[5416]  Failed to connect to repository: Could not resolve host - Execution ID 87846,Network Failure
[9370]  Failed to connect to repository: Could not resolve host - Execution ID 66742,Network Failure
[7072]  [INFO] Thread-8 executing task chmod: changing permissions of 'script.sh': Operation not permitted - Execution ID 28609,Permission Error
[5901]  socket hang up - Execution ID 92170,Network Failure
[2665]  Job terminated: Exceeded maximum allowed runtime - Execution ID 45246,Timeout Failure
[3963]  [INFO] Thread-2 executing task Network is unreachable - Execution ID 77981,Network Failure
[2850]  [INFO] Thread-8 executing task Error response from daemon: container cannot be started - Execution ID 47524,Container Crash
[8570]  [INFO] Thread-9 executing task urllib.error.URLError: <urlopen error [Errno 111] Connection refused> - Execution ID 94006,Network Failure
[8622]  AccessDeniedException: User is not authorized to perform: iam:PassRole - Execution ID 99384,Permission Error
"[8741]  [INFO] Thread-7 executing task Error: Timeout of 5000ms exceeded. For async tests and hooks, ensure ""done()"" is called - Execution ID 53447",Timeout Failure
[4720]  [INFO] Thread-7 executing task Could not resolve dependencies for project - Execution ID 48542,Dependency Error
[6503]  Error: expect(received).toBe(expected) - Execution ID 97931,Test Failure
[4636]  [INFO] Thread-2 executing task Job terminated: Exceeded maximum allowed runtime - Execution ID 34831,Timeout Failure
[6816]  User does not have permission to execute this action - Execution ID 90265,Permission Error
[1644]  Error response from daemon: container cannot be started - Execution ID 16752,Container Crash
[5525]  [INFO] Thread-6 executing task npm ERR! peerDependencies WARNING - Execution ID 17933,Dependency Error
[9629]  [INFO] Thread-9 executing task Failed to load resource: net::ERR_NAME_NOT_RESOLVED - Execution ID 55411,Dependency Error
[6234]  docker run failed: container crashed unexpectedly - Execution ID 44749,Container Crash
[4460]  [INFO] Thread-2 executing task Failed to load resource: net::ERR_NAME_NOT_RESOLVED - Execution ID 74684,Dependency Error
[6222]  [INFO] Thread-4 executing task 403 Forbidden: Access denied - Execution ID 30983,Permission Error
[1187]  urllib.error.URLError: <urlopen error [Errno 111] Connection refused> - Execution ID 28471,Network Failure
[2781]  [INFO] Thread-4 executing task urllib.error.URLError: <urlopen error [Errno 111] Connection refused> - Execution ID 81538,Network Failure
[6137]  panic: runtime error: invalid memory address or nil pointer dereference - Execution ID 65807,Container Crash
[8254]  make: *** [all] Error 2 - Execution ID 21039,Build Failure
[1142]  [INFO] Thread-4 executing task Error response from daemon: container cannot be started - Execution ID 35154,Container Crash
[1378]  [INFO] Thread-8 executing task TS2322: Type 'string' is not assignable to type 'number'. - Execution ID 37873,Build Failure
[6698]  Failed to load resource: net::ERR_NAME_NOT_RESOLVED - Execution ID 85493,Dependency Error
[9622]  [INFO] Thread-3 executing task error: ISO C++ forbids comparison between pointer and integer - Execution ID 47842,Build Failure
[5620]  [INFO] Thread-4 executing task FileNotFoundError: [Errno 2] No such file or directory: '/etc/config.json' - Execution ID 45872,Environment Issue
[3420]  [INFO] Thread-4 executing task TS2322: Type 'string' is not assignable to type 'number'. - Execution ID 64137,Build Failure
[2372]  403 Forbidden: Access denied - Execution ID 81165,Permission Error
[6258]  error: ISO C++ forbids comparison between pointer and integer - Execution ID 50346,Build Failure
[8132]  Configuration Error: Invalid JSON in config.yaml - Execution ID 76042,Environment Issue
"[3887]  [INFO] Thread-9 executing task EACCES: permission denied, open '/var/log/app.log' - Execution ID 48816",Permission Error
[1702]  Failed to connect to repository: Could not resolve host - Execution ID 17988,Network Failure
[6461]  [INFO] Thread-4 executing task User does not have permission to execute this action - Execution ID 42105,Permission Error
[2688]  Configuration Error: Invalid JSON in config.yaml - Execution ID 29772,Environment Issue
[8527]  [INFO] Thread-9 executing task OOMKilled: Container exited with code 137 - Execution ID 81761,Container Crash
[1701]  [INFO] Thread-1 executing task OOMKilled: Container exited with code 137 - Execution ID 90771,Container Crash
[8625]  Error: expect(received).toBe(expected) - Execution ID 76569,Test Failure
[8599]  Network is unreachable - Execution ID 46114,Network Failure
"[7681]  [INFO] Thread-4 executing task Randomised test failed, check seed 12345 - Execution ID 48880",Flaky Test
"[9726]  [INFO] Thread-7 executing task EACCES: permission denied, open '/var/log/app.log' - Execution ID 47404",Permission Error
[1188]  [INFO] Thread-10 executing task Segmentation fault (core dumped) - Execution ID 61961,Container Crash
[3954]  AssertionError: timestamp mismatch (flaky) - Execution ID 35594,Flaky Test
[6881]  [INFO] Thread-8 executing task Intermittent failure in test_network_connection - Execution ID 14952,Flaky Test
[7633]  panic: runtime error: invalid memory address or nil pointer dereference - Execution ID 67685,Container Crash
[2068]  error: expected ';' before '}' token - Execution ID 47143,Build Failure
[2077]  [INFO] Thread-3 executing task urllib.error.URLError: <urlopen error [Errno 111] Connection refused> - Execution ID 42620,Network Failure
[6836]  Error: expect(received).toBe(expected) - Execution ID 57277,Test Failure
[6723]  [INFO] Thread-4 executing task AssertionError: expected False to be True - Execution ID 21642,Test Failure
[3647]  [INFO] Thread-7 executing task socket hang up - Execution ID 60503,Network Failure
[5919]  Exception: AWS_REGION is not set - Execution ID 89719,Environment Issue
[5224]  [INFO] Thread-1 executing task TS2322: Type 'string' is not assignable to type 'number'. - Execution ID 25131,Build Failure
[9786]  panic: runtime error: invalid memory address or nil pointer dereference - Execution ID 16030,Container Crash
[7151]  Exception: AWS_REGION is not set - Execution ID 94154,Environment Issue
[2441]  [INFO] Thread-3 executing task Expected value to equal: 5 Received: 4 - Execution ID 53401,Test Failure
[3721]  Test passed on retry 2 - Execution ID 15053,Flaky Test
[5505]  Error: Missing environment variable DB_PASSWORD - Execution ID 11743,Environment Issue
[2038]  test_user_auth_failed: user is not authenticated - Execution ID 60462,Test Failure
[5414]  Job terminated: Exceeded maximum allowed runtime - Execution ID 16052,Timeout Failure
[4989]  Intermittent failure in test_network_connection - Execution ID 93451,Flaky Test
[4692]  AssertionError: timestamp mismatch (flaky) - Execution ID 18915,Flaky Test
[4793]  Job terminated: Exceeded maximum allowed runtime - Execution ID 16275,Timeout Failure
[2575]  [INFO] Thread-9 executing task Error: Missing environment variable DB_PASSWORD - Execution ID 55875,Environment Issue
[4725]  test_user_auth_failed: user is not authenticated - Execution ID 37687,Test Failure
[6184]  [INFO] Thread-7 executing task Gateway Timeout: 504 - Execution ID 73141,Timeout Failure
[4355]  Missing dependency: left-pad is not installed - Execution ID 20534,Dependency Error
[4782]  Configuration Error: Invalid JSON in config.yaml - Execution ID 74299,Environment Issue
[2544]  [INFO] Thread-7 executing task OOMKilled: Container exited with code 137 - Execution ID 77636,Container Crash
[6215]  [INFO] Thread-3 executing task Segmentation fault (core dumped) - Execution ID 20789,Container Crash
[4147]  [INFO] Thread-8 executing task Network is unreachable - Execution ID 34636,Network Failure
[5441]  [INFO] Thread-5 executing task Expected value to equal: 5 Received: 4 - Execution ID 47389,Test Failure
[3260]  [INFO] Thread-6 executing task FAIL src/components/App.test.tsx - Execution ID 17963,Test Failure
[3402]  Missing dependency: left-pad is not installed - Execution ID 58855,Dependency Error
"[1751]  Error: Timeout of 5000ms exceeded. For async tests and hooks, ensure ""done()"" is called - Execution ID 29150",Timeout Failure
[3846]  [INFO] Thread-10 executing task make: *** [all] Error 2 - Execution ID 78478,Build Failure
[7349]  Error response from daemon: container cannot be started - Execution ID 99723,Container Crash
[1175]  socket hang up - Execution ID 34616,Network Failure
[7799]  [INFO] Thread-1 executing task Configuration Error: Invalid JSON in config.yaml - Execution ID 32825,Environment Issue
[2923]  [INFO] Thread-3 executing task FAIL src/components/App.test.tsx - Execution ID 82886,Test Failure
[6694]  [INFO] Thread-4 executing task Configuration Error: Invalid JSON in config.yaml - Execution ID 51635,Environment Issue
[4703]  AssertionError: expected False to be True - Execution ID 76751,Test Failure
[4186]  [INFO] Thread-7 executing task npm ERR! peerDependencies WARNING - Execution ID 25808,Dependency Error
[8331]  test_user_auth_failed: user is not authenticated - Execution ID 49313,Test Failure
[7990]  Connection timed out after 30000 milliseconds - Execution ID 33758,Timeout Failure
[3152]  [INFO] Thread-8 executing task Cannot read property 'url' of undefined from process.env - Execution ID 36404,Environment Issue
[6383]  [INFO] Thread-4 executing task Test passed on retry 2 - Execution ID 74523,Flaky Test
[6041]  [INFO] Thread-3 executing task Configuration Error: Invalid JSON in config.yaml - Execution ID 59155,Environment Issue
[4080]  [INFO] Thread-7 executing task Configuration Error: Invalid JSON in config.yaml - Execution ID 57876,Environment Issue
[4776]  [INFO] Thread-8 executing task ModuleNotFoundError: No module named 'src.utils' - Execution ID 57904,Build Failure
"[1031]  [INFO] Thread-9 executing task EACCES: permission denied, open '/var/log/app.log' - Execution ID 87419",Permission Error
[2731]  TS2322: Type 'string' is not assignable to type 'number'. - Execution ID 54705,Build Failure
[8540]  [INFO] Thread-1 executing task Job terminated: Exceeded maximum allowed runtime - Execution ID 64575,Timeout Failure
[1248]  make: *** [all] Error 2 - Execution ID 51159,Build Failure
[2825]  [INFO] Thread-5 executing task AssertionError: timestamp mismatch (flaky) - Execution ID 75014,Flaky Test
[2427]  [INFO] Thread-5 executing task npm ERR! peerDependencies WARNING - Execution ID 53192,Dependency Error
[9423]  SyntaxError: Unexpected token - Execution ID 87383,Build Failure
[1807]  [INFO] Thread-7 executing task Gateway Timeout: 504 - Execution ID 56565,Timeout Failure
[6441]  FileNotFoundError: [Errno 2] No such file or directory: '/etc/config.json' - Execution ID 47848,Environment Issue
[6202]  Connection timed out after 30000 milliseconds - Execution ID 12098,Timeout Failure
[6841]  [INFO] Thread-6 executing task Exception: AWS_REGION is not set - Execution ID 14310,Environment Issue
[1204]  urllib.error.URLError: <urlopen error [Errno 111] Connection refused> - Execution ID 19057,Network Failure
[2791]  [INFO] Thread-3 executing task Job terminated: Exceeded maximum allowed runtime - Execution ID 74882,Timeout Failure
[8577]  Intermittent failure in test_network_connection - Execution ID 50370,Flaky Test
[3187]  WARN: Test execution time varied by more than 50% - Execution ID 68530,Flaky Test
[5027]  [INFO] Thread-8 executing task Configuration Error: Invalid JSON in config.yaml - Execution ID 40204,Environment Issue
[9232]  [INFO] Thread-2 executing task 403 Forbidden: Access denied - Execution ID 28701,Permission Error
[6619]  FileNotFoundError: [Errno 2] No such file or directory: '/etc/config.json' - Execution ID 70497,Environment Issue
[9898]  [INFO] Thread-1 executing task Segmentation fault (core dumped) - Execution ID 76610,Container Crash
[9714]  Gateway Timeout: 504 - Execution ID 89775,Timeout Failure
"[2027]  EACCES: permission denied, open '/var/log/app.log' - Execution ID 92580",Permission Error
[2796]  [INFO] Thread-1 executing task Error: Missing environment variable DB_PASSWORD - Execution ID 65544,Environment Issue
[4016]  Error: Missing environment variable DB_PASSWORD - Execution ID 50178,Environment Issue
[2618]  Failed to connect to repository: Could not resolve host - Execution ID 88746,Network Failure
[2113]  [INFO] Thread-3 executing task Network is unreachable - Execution ID 92678,Network Failure
[4767]  [INFO] Thread-10 executing task WARN: Test execution time varied by more than 50% - Execution ID 86377,Flaky Test
"[2343]  [INFO] Thread-10 executing task Error: Timeout of 5000ms exceeded. For async tests and hooks, ensure ""done()"" is called - Execution ID 28907",Timeout Failure
[8854]  [INFO] Thread-9 executing task Cannot read property 'url' of undefined from process.env - Execution ID 80192,Environment Issue
[2490]  Exception: AWS_REGION is not set - Execution ID 45876,Environment Issue
[2007]  [INFO] Thread-9 executing task Test passed on retry 2 - Execution ID 86326,Flaky Test
[9520]  [INFO] Thread-8 executing task urllib.error.URLError: <urlopen error [Errno 111] Connection refused> - Execution ID 54295,Network Failure
[8969]  docker run failed: container crashed unexpectedly - Execution ID 88093,Container Crash
"[3556]  EACCES: permission denied, open '/var/log/app.log' - Execution ID 72325",Permission Error
[4838]  [INFO] Thread-9 executing task OOMKilled: Container exited with code 137 - Execution ID 11835,Container Crash
"[9267]  Randomised test failed, check seed 12345 - Execution ID 25305",Flaky Test
[4998]  ECONNREFUSED: Connection refused by 127.0.0.1:5432 - Execution ID 14991,Network Failure
[5562]  [INFO] Thread-9 executing task 403 Forbidden: Access denied - Execution ID 68606,Permission Error
[3240]  [INFO] Thread-10 executing task AssertionError: expected False to be True - Execution ID 20029,Test Failure
[1779]  Connection timed out after 30000 milliseconds - Execution ID 10110,Timeout Failure
[2833]  AssertionError: timestamp mismatch (flaky) - Execution ID 94669,Flaky Test
[3065]  [INFO] Thread-7 executing task Configuration Error: Invalid JSON in config.yaml - Execution ID 75677,Environment Issue
[2735]  error: expected ';' before '}' token - Execution ID 37654,Build Failure
[4604]  [INFO] Thread-8 executing task error: expected ';' before '}' token - Execution ID 30550,Build Failure
[1995]  ECONNREFUSED: Connection refused by 127.0.0.1:5432 - Execution ID 29527,Network Failure
[5849]  [INFO] Thread-9 executing task socket hang up - Execution ID 22834,Network Failure
[1360]  [INFO] Thread-6 executing task docker run failed: container crashed unexpectedly - Execution ID 18859,Container Crash
[9566]  [INFO] Thread-3 executing task panic: runtime error: invalid memory address or nil pointer dereference - Execution ID 98173,Container Crash
[5805]  Gateway Timeout: 504 - Execution ID 48751,Timeout Failure
"[4188]  Error: Timeout of 5000ms exceeded. For async tests and hooks, ensure ""done()"" is called - Execution ID 94812",Timeout Failure
[5476]  [INFO] Thread-6 executing task FileNotFoundError: [Errno 2] No such file or directory: '/etc/config.json' - Execution ID 34519,Environment Issue
[1252]  pip: No matching distribution found for numpy==99.9.9 - Execution ID 15312,Dependency Error
[3667]  [INFO] Thread-10 executing task socket hang up - Execution ID 25143,Network Failure
"[6627]  EACCES: permission denied, open '/var/log/app.log' - Execution ID 30617",Permission Error
[8674]  [INFO] Thread-6 executing task 403 Forbidden: Access denied - Execution ID 60884,Permission Error
[8998]  error: expected ';' before '}' token - Execution ID 30910,Build Failure
[8083]  [INFO] Thread-1 executing task Request timeout while fetching https://api.github.com - Execution ID 42667,Timeout Failure
[8607]  Expected value to equal: 5 Received: 4 - Execution ID 75755,Test Failure
[2728]  [INFO] Thread-6 executing task npm ERR! code ERESOLVE - Execution ID 89954,Dependency Error
[1082]  ModuleNotFoundError: No module named 'src.utils' - Execution ID 55280,Build Failure
[5869]  [INFO] Thread-2 executing task AssertionError: expected False to be True - Execution ID 94939,Test Failure
[8569]  Configuration Error: Invalid JSON in config.yaml - Execution ID 28580,Environment Issue
[8602]  FileNotFoundError: [Errno 2] No such file or directory: '/etc/config.json' - Execution ID 58465,Environment Issue
[2338]  403 Forbidden: Access denied - Execution ID 91013,Permission Error
[8962]  Segmentation fault (core dumped) - Execution ID 57579,Container Crash
[3597]  [INFO] Thread-7 executing task ModuleNotFoundError: No module named 'src.utils' - Execution ID 55068,Build Failure
[7340]  [INFO] Thread-10 executing task panic: runtime error: invalid memory address or nil pointer dereference - Execution ID 19903,Container Crash
[6270]  AssertionError: expected False to be True - Execution ID 85154,Test Failure
[7071]  [INFO] Thread-6 executing task Exception: AWS_REGION is not set - Execution ID 80264,Environment Issue
[3557]  Failed to connect to repository: Could not resolve host - Execution ID 12925,Network Failure
[4682]  urllib.error.URLError: <urlopen error [Errno 111] Connection refused> - Execution ID 83998,Network Failure
[2561]  Connection timed out after 30000 milliseconds - Execution ID 35510,Timeout Failure
[2463]  Test passed on retry 2 - Execution ID 44016,Flaky Test
[3082]  Intermittent failure in test_network_connection - Execution ID 63640,Flaky Test
[7168]  FAIL src/components/App.test.tsx - Execution ID 58926,Test Failure
[7325]  chmod: changing permissions of 'script.sh': Operation not permitted - Execution ID 75439,Permission Error
[6391]  SyntaxError: Unexpected token - Execution ID 32085,Build Failure
[2678]  [INFO] Thread-10 executing task Missing dependency: left-pad is not installed - Execution ID 59547,Dependency Error
[7973]  [INFO] Thread-7 executing task AccessDeniedException: User is not authorized to perform: iam:PassRole - Execution ID 87254,Permission Error
"[5033]  Randomised test failed, check seed 12345 - Execution ID 75146",Flaky Test
[5296]  pip: No matching distribution found for numpy==99.9.9 - Execution ID 89756,Dependency Error
[2412]  TS2322: Type 'string' is not assignable to type 'number'. - Execution ID 20544,Build Failure
[1706]  test_user_auth_failed: user is not authenticated - Execution ID 48612,Test Failure
[5255]  [INFO] Thread-4 executing task Exception: AWS_REGION is not set - Execution ID 65855,Environment Issue
[6207]  [INFO] Thread-3 executing task error: expected ';' before '}' token - Execution ID 39288,Build Failure
[6254]  AccessDeniedException: User is not authorized to perform: iam:PassRole - Execution ID 75451,Permission Error
[8391]  chmod: changing permissions of 'script.sh': Operation not permitted - Execution ID 36058,Permission Error
[3100]  Could not resolve dependencies for project - Execution ID 94269,Dependency Error
[6670]  Segmentation fault (core dumped) - Execution ID 86795,Container Crash
[1282]  Request timeout while fetching https://api.github.com - Execution ID 88690,Timeout Failure
[7665]  Gateway Timeout: 504 - Execution ID 52331,Timeout Failure
[1942]  Expected value to equal: 5 Received: 4 - Execution ID 37671,Test Failure
[9926]  npm ERR! code ERESOLVE - Execution ID 35516,Dependency Error
[9334]  [INFO] Thread-5 executing task User does not have permission to execute this action - Execution ID 43117,Permission Error
[4034]  [INFO] Thread-5 executing task Exception: AWS_REGION is not set - Execution ID 36776,Environment Issue
[2957]  403 Forbidden: Access denied - Execution ID 44519,Permission Error
"[9798]  EACCES: permission denied, open '/var/log/app.log' - Execution ID 19598",Permission Error
[2063]  [INFO] Thread-9 executing task socket hang up - Execution ID 31964,Network Failure
[7082]  test_user_auth_failed: user is not authenticated - Execution ID 64771,Test Failure
[7657]  error: ISO C++ forbids comparison between pointer and integer - Execution ID 95123,Build Failure
[3545]  [INFO] Thread-3 executing task panic: runtime error: invalid memory address or nil pointer dereference - Execution ID 26522,Container Crash
[1267]  [INFO] Thread-8 executing task Request timeout while fetching https://api.github.com - Execution ID 19710,Timeout Failure
[4943]  [INFO] Thread-10 executing task Error: expect(received).toBe(expected) - Execution ID 35683,Test Failure
[6028]  AssertionError: expected False to be True - Execution ID 96125,Test Failure
[4958]  [INFO] Thread-6 executing task Error: expect(received).toBe(expected) - Execution ID 55355,Test Failure
[9029]  npm ERR! peerDependencies WARNING - Execution ID 73064,Dependency Error
[8590]  panic: runtime error: invalid memory address or nil pointer dereference - Execution ID 99673,Container Crash
[4709]  docker run failed: container crashed unexpectedly - Execution ID 61683,Container Crash
[9450]  Missing dependency: left-pad is not installed - Execution ID 28919,Dependency Error
[9447]  Test passed on retry 2 - Execution ID 56027,Flaky Test
[7240]  [INFO] Thread-6 executing task error: ISO C++ forbids comparison between pointer and integer - Execution ID 25668,Build Failure
[9182]  panic: runtime error: invalid memory address or nil pointer dereference - Execution ID 76270,Container Crash
[1952]  Intermittent failure in test_network_connection - Execution ID 56219,Flaky Test
"[4180]  Randomised test failed, check seed 12345 - Execution ID 40223",Flaky Test
[6349]  Failed to load resource: net::ERR_NAME_NOT_RESOLVED - Execution ID 33209,Dependency Error
[8400]  [INFO] Thread-2 executing task Connection timed out after 30000 milliseconds - Execution ID 50078,Timeout Failure
[7191]  [INFO] Thread-4 executing task Failed to load resource: net::ERR_NAME_NOT_RESOLVED - Execution ID 30018,Dependency Error
[8766]  [INFO] Thread-4 executing task Intermittent failure in test_network_connection - Execution ID 88726,Flaky Test
[2952]  [INFO] Thread-5 executing task Error: expect(received).toBe(expected) - Execution ID 36877,Test Failure
[4329]  Exception: AWS_REGION is not set - Execution ID 68540,Environment Issue
[8856]  docker run failed: container crashed unexpectedly - Execution ID 97537,Container Crash
[6214]  User does not have permission to execute this action - Execution ID 37801,Permission Error
[6873]  socket hang up - Execution ID 95067,Network Failure
[8171]  [INFO] Thread-4 executing task error: ISO C++ forbids comparison between pointer and integer - Execution ID 20038,Build Failure
[7046]  [INFO] Thread-2 executing task FAIL src/components/App.test.tsx - Execution ID 71178,Test Failure
[1405]  [INFO] Thread-7 executing task Exception: AWS_REGION is not set - Execution ID 52144,Environment Issue
[9418]  FileNotFoundError: [Errno 2] No such file or directory: '/etc/config.json' - Execution ID 18882,Environment Issue
[4449]  pip: No matching distribution found for numpy==99.9.9 - Execution ID 19233,Dependency Error
[7734]  Gateway Timeout: 504 - Execution ID 56658,Timeout Failure
[5718]  docker run failed: container crashed unexpectedly - Execution ID 53046,Container Crash
[6236]  [INFO] Thread-2 executing task AccessDeniedException: User is not authorized to perform: iam:PassRole - Execution ID 64578,Permission Error
[4972]  [INFO] Thread-5 executing task error: expected ';' before '}' token - Execution ID 17614,Build Failure
"[8827]  EACCES: permission denied, open '/var/log/app.log' - Execution ID 38245",Permission Error
[4054]  [INFO] Thread-4 executing task Error response from daemon: container cannot be started - Execution ID 25606,Container Crash
[6310]  FAIL src/components/App.test.tsx - Execution ID 79476,Test Failure
[3469]  [INFO] Thread-10 executing task Error: expect(received).toBe(expected) - Execution ID 10681,Test Failure
[9604]  ECONNREFUSED: Connection refused by 127.0.0.1:5432 - Execution ID 78478,Network Failure
"[3036]  Randomised test failed, check seed 12345 - Execution ID 61495",Flaky Test
[7314]  [INFO] Thread-10 executing task Expected value to equal: 5 Received: 4 - Execution ID 76955,Test Failure
"[5414]  EACCES: permission denied, open '/var/log/app.log' - Execution ID 16584",Permission Error
